name,online_order,book_table,rate,votes,location,rest_type,cuisines,approx_cost(for two people)
Jalsa,Yes,Yes,4.1/5,775,Banashankari,Casual Dining,"North Indian, Mughlai, Chinese",₹ 800.00
Spice Elephant,Yes,No,4.1/5,787,Banashankari,Casual Dining,"Chinese, North Indian, Thai",₹ 800.00
San Churro Cafe,Yes,No,3.8/5,918,Banashankari,"Cafe, Casual Dining","Cafe, Mexican, Italian",₹ 800.00
Addhuri Udupi Bhojana,No,No,3.7/5,88,Banashankari,Quick Bites,"South Indian, North Indian",₹ 300.00
Grand Village,No,No,3.8/5,166,Basavanagudi,Casual Dining,"North Indian, Rajasthani",₹ 600.00
Timepass Dinner,Yes,No,3.8/5,286,Basavanagudi,Casual Dining,North Indian,₹ 600.00
Rosewood International Hotel - Bar & Restaurant,No,No,3.6/5,8,Mysore Road,Casual Dining,"North Indian, South Indian, Andhra, Chinese",₹ 800.00
Onesta,Yes,Yes,4.6/5,2556,Banashankari,"Casual Dining, Cafe","Pizza, Cafe, Italian",₹ 600.00
Penthouse Cafe,Yes,No,4.0/5,324,Banashankari,Cafe,"Cafe, Italian, Continental",₹ 700.00
Smacznego,Yes,No,4.2/5,504,Banashankari,Cafe,"Cafe, Mexican, Italian, Momos, Beverages",₹ 550.00
Cafe Shuffle,Yes,Yes,4.2/5,150,Banashankari,Cafe,"Cafe, Italian, Continental",₹ 600.00
The Coffee Shack,Yes,Yes,4.2/5,164,Banashankari,Cafe,"Cafe, Chinese, Continental, Italian",₹ 500.00
Caf-Eleven,No,No,4.0/5,424,Banashankari,Cafe,"Cafe, Continental",₹ 450.00
San Churro Cafe,Yes,No,3.8/5,918,Banashankari,"Cafe, Casual Dining","Cafe, Mexican, Italian",₹ 800.00
Cafe Vivacity,Yes,No,3.8/5,90,Banashankari,Cafe,Cafe,₹ 650.00
Catch-up-ino,Yes,No,3.9/5,133,Banashankari,Cafe,"Cafe, Fast Food, Continental, Chinese, Momos",₹ 800.00
Kirthi's Biryani,Yes,No,3.8/5,144,Banashankari,Cafe,"Chinese, Cafe, Italian",₹ 700.00
T3H Cafe,No,No,3.9/5,93,Banashankari,Cafe,"Cafe, Italian, American",₹ 300.00
360 Atoms Restaurant And Cafe,Yes,No,3.1/5,13,Banashankari,Cafe,"Cafe, Chinese, Continental, Italian",₹ 400.00
The Vintage Cafe,Yes,No,3.0/5,62,Banashankari,Cafe,"Cafe, French, North Indian",₹ 400.00
Woodee Pizza,Yes,No,3.7/5,180,Banashankari,Cafe,"Cafe, Pizza, Fast Food, Beverages",₹ 500.00
Cafe Coffee Day,No,No,3.6/5,28,Banashankari,Cafe,"Cafe, Fast Food",₹ 900.00
My Tea House,Yes,No,3.6/5,62,Banashankari,"Quick Bites, Cafe","Italian, Fast Food, Cafe, European",₹ 600.00
Hide Out Cafe,No,No,3.7/5,31,Banashankari,Cafe,Cafe,₹ 300.00
CAFE NOVA,No,No,3.2/5,11,Banashankari,Cafe,"Cafe, Bakery",₹ 600.00
Coffee Tindi,Yes,No,3.8/5,75,Banashankari,"Cafe, Quick Bites","Cafe, South Indian",₹ 200.00
Sea Green Cafe,No,No,3.3/5,4,Banashankari,Cafe,"Cafe, Fast Food, Beverages",₹ 500.00
Cuppa,No,No,3.3/5,23,Banashankari,Cafe,"Cafe, Fast Food",₹ 550.00
Srinathji's Cafe,No,No,3.8/5,148,Basavanagudi,"Casual Dining, Cafe","North Indian, Cafe, Chinese, Fast Food",₹ 550.00
Redberrys,Yes,No,4.0/5,219,Basavanagudi,Cafe,"Cafe, Italian",₹ 600.00
Foodiction,Yes,No,2.8/5,506,Banashankari,Quick Bites,"North Indian, Fast Food, Chinese, Burger",₹ 500.00
Sweet Truth,Yes,No,3.9/5,35,Banashankari,Delivery,"Bakery, Desserts",₹ 500.00
Ovenstory Pizza,Yes,No,3.9/5,172,Banashankari,Delivery,Pizza,₹ 750.00
Faasos,Yes,No,4.2/5,415,Banashankari,Quick Bites,"North Indian, Biryani, Fast Food",₹ 500.00
Behrouz Biryani,Yes,No,3.9/5,230,Banashankari,Delivery,Biryani,₹ 650.00
Fast And Fresh,Yes,No,2.8/5,91,Banashankari,Quick Bites,"North Indian, Chinese, Fast Food",₹ 400.00
Szechuan Dragon,Yes,No,4.2/5,1647,Banashankari,Casual Dining,"Chinese, Thai, Momos",₹ 600.00
Empire Restaurant,Yes,No,4.4/5,4884,Jayanagar,Casual Dining,"North Indian, Mughlai, South Indian, Chinese",₹ 750.00
Maruthi Davangere Benne Dosa,Yes,No,4.0/5,17,Banashankari,Quick Bites,South Indian,₹ 150.00
Chaatimes,Yes,No,3.8/5,133,Basavanagudi,Quick Bites,"Street Food, Fast Food",₹ 200.00
Havyaka Mess,No,No,3.9/5,28,Banashankari,Mess,South Indian,₹ 300.00
McDonald's,Yes,No,3.9/5,286,Banashankari,Quick Bites,"Burger, Fast Food",₹ 500.00
Domino's Pizza,Yes,No,3.9/5,540,Banashankari,Quick Bites,"Pizza, Fast Food",₹ 800.00
Onesta,Yes,Yes,4.6/5,2556,Banashankari,"Casual Dining, Cafe","Pizza, Cafe, Italian",₹ 600.00
Hotboxit,No,No,3.8/5,36,Banashankari,Delivery,"North Indian, Continental, Italian",₹ 400.00
Kitchen Garden,Yes,No,3.6/5,244,Kumaraswamy Layout,Quick Bites,"North Indian, Chinese",₹ 300.00
Recipe,Yes,No,4.0/5,804,Kumaraswamy Layout,Casual Dining,"North Indian, Chinese, Biryani, Rolls",₹ 450.00
Beijing Bites,Yes,No,3.7/5,679,Rajarajeshwari Nagar,Casual Dining,"Chinese, Thai",₹ 850.00
Tasty Bytes,Yes,No,3.1/5,245,Kumaraswamy Layout,Quick Bites,"North Indian, Chinese, Momos, Rolls",₹ 300.00
Petoo,No,No,3.7/5,21,Banashankari,Quick Bites,North Indian,₹ 450.00
Shree Cool Point,Yes,No,4.1/5,28,Vijay Nagar,Quick Bites,"Fast Food, Street Food, Beverages",₹ 150.00
Corner House Ice Cream,No,No,4.3/5,345,Banashankari,Dessert Parlor,"Ice Cream, Desserts",₹ 400.00
Biryanis And More,Yes,No,4.0/5,618,Jayanagar,Casual Dining,"Biryani, North Indian, Chinese, Andhra, South Indian",₹ 750.00
Roving Feast,No,No,4.0/5,1047,Banashankari,Quick Bites,"Italian, Continental, Fast Food, Chinese, Momos",₹ 450.00
FreshMenu,Yes,No,3.9/5,627,Banashankari,Delivery,"Healthy Food, Chinese, Biryani, North Indian, Continental, Salad, American, Burger",₹ 450.00
Banashankari Donne Biriyani,Yes,No,3.8/5,104,Banashankari,Quick Bites,"Biryani, Fast Food",₹ 300.00
Wamama,Yes,Yes,4.2/5,354,Banashankari,Casual Dining,"Asian, Korean, Indonesian, Japanese, Chinese, Thai, Momos",₹ 800.00
Five Star Chicken,No,No,3.6/5,55,Banashankari,Quick Bites,"Fast Food, Burger",₹ 200.00
XO Belgian Waffle,Yes,No,3.7/5,17,Banashankari,Dessert Parlor,"Desserts, Beverages",₹ 400.00
Peppy Peppers,No,No,4.2/5,244,Banashankari,Casual Dining,"Italian, North Indian, Mexican",₹ 800.00
Goa 0 Km,Yes,Yes,3.6/5,163,Kumaraswamy Layout,Casual Dining,"Goan, Seafood, North Indian, Chinese, Biryani",₹ 800.00
Chinese Kitchen,Yes,No,3.8/5,58,Basavanagudi,Quick Bites,Chinese,₹ 150.00
1947,No,Yes,4.0/5,808,Banashankari,Casual Dining,"North Indian, Chinese",₹ 850.00
Cake of the Day,No,No,3.7/5,78,Banashankari,"Bakery, Dessert Parlor",Bakery,₹ 150.00
Kabab Magic,Yes,No,4.1/5,1720,Basavanagudi,Quick Bites,"North Indian, Kebab, Chinese, Fast Food",₹ 400.00
Namma Brahmin's Idli,Yes,No,3.6/5,34,Jayanagar,Quick Bites,South Indian,₹ 100.00
Gustoes Beer House,No,No,4.1/5,868,Banashankari,Pub,"Continental, Italian, Mexican, North Indian, Chinese, Steak","₹ 1,200.00"
Sugar Rush,No,No,3.8/5,39,Banashankari,Bakery,"Bakery, Desserts",₹ 300.00
Burger King,Yes,No,3.2/5,71,Basavanagudi,Quick Bites,"Burger, Fast Food, Beverages",₹ 600.00
The Good Bowl,Yes,No,3.6/5,6,Banashankari,"Takeaway, Delivery","Italian, North Indian, Biryani",₹ 500.00
The Biryani Cafe,No,No,4.1/5,520,Banashankari,Quick Bites,"Biryani, Chinese, Kebab",₹ 300.00
Spicy Tandoor,No,No,NEW,0,Banashankari,Quick Bites,North Indian,₹ 150.00
LSD Cafe,No,No,2.9/5,84,Banashankari,Delivery,"Chinese, Continental, Italian, North Indian",₹ 700.00
Rolls On Wheels,No,No,3.6/5,299,Banashankari,Quick Bites,"Fast Food, Rolls, Momos",₹ 300.00
Om Sri Vinayaka Chats,No,No,NEW,0,Banashankari,"Takeaway, Delivery","Street Food, Fast Food",₹ 500.00
Sri Guru Kottureshwara Davangere Benne Dosa,Yes,No,4.1/5,558,Basavanagudi,Quick Bites,South Indian,₹ 150.00
Devanna Dum Biriyani Centre,Yes,No,3.6/5,28,Banashankari,Quick Bites,"Biryani, South Indian",₹ 300.00
Kolbeh,No,No,3.7/5,22,Banashankari,Quick Bites,Fast Food,₹ 500.00
Upahar Sagar,No,No,3.8/5,39,Banashankari,Quick Bites,"South Indian, Chinese, North Indian",₹ 350.00
Kadalu Sea Food Restaurant,Yes,No,3.8/5,153,Vijay Nagar,Fine Dining,"Seafood, North Indian, Chinese, Andhra, Biryani, Kebab",₹ 500.00
Frozen Bottle,Yes,No,4.2/5,146,Banashankari,Beverage Shop,"Beverages, Desserts, Ice Cream",₹ 400.00
Parimala Sweets,No,No,3.5/5,14,Banashankari,Sweet Shop,"Mithai, Street Food",₹ 200.00
Vaishali Deluxe,No,No,3.8/5,42,Banashankari,Casual Dining,"North Indian, Chinese",₹ 700.00
Chill Out,No,No,4.0/5,0,Banashankari,Quick Bites,"South Indian, Chinese",₹ 100.00
The Big O Bakes,No,No,4.4/5,66,Banashankari,Bakery,"Bakery, Desserts",₹ 300.00
Meghana Foods,Yes,No,3.5/5,4401,Jayanagar,Casual Dining,"Biryani, North Indian, Chinese",₹ 600.00
Krishna Sagar,No,No,3.5/5,31,Banashankari,Quick Bites,North Indian,₹ 200.00
Dessert Rose,No,No,3.7/5,7,Banashankari,Dessert Parlor,Desserts,₹ 500.00
Chickpet Donne Biryani House,No,No,3.2/5,21,Banashankari,Quick Bites,Biryani,₹ 250.00
Thanco's Natural Ice Creams,No,No,2.6/5,9,Banashankari,Dessert Parlor,Ice Cream,₹ 300.00
Nandhini Deluxe,No,No,3.3/5,283,Banashankari,Casual Dining,North Indian,₹ 600.00
Vi Ra's Bar and Restaurant,No,No,3.8/5,62,Banashankari,Bar,"South Indian, North Indian, Chinese",₹ 800.00
Kaggis,No,No,3.7/5,64,Banashankari,Quick Bites,"Fast Food, Bakery",₹ 250.00
Ayda Persian Kitchen,No,No,3.7/5,39,Banashankari,Casual Dining,"North Indian, Iranian",₹ 950.00
Chatar Patar,No,No,3.8/5,65,Banashankari,Quick Bites,"Fast Food, Street Food",₹ 300.00
Polar Bear,Yes,No,3.5/5,71,Basavanagudi,Dessert Parlor,"Ice Cream, Desserts, Beverages, Sandwich",₹ 400.00
Kidambi's Kitchen,No,No,3.7/5,52,Banashankari,Quick Bites,South Indian,₹ 300.00
Mane Thindi,No,No,3.5/5,130,Banashankari,Quick Bites,South Indian,₹ 200.00
Kotian Karavali Restaurant,No,No,3.8 /5,10,Banashankari,Quick Bites,"South Indian, Biryani",₹ 300.00
Floured-Baked With Love,No,No,3.2/5,45,Banashankari,"Takeaway, Delivery",Bakery,₹ 400.00
@Italy,Yes,No,3.6/5,305,Kumaraswamy Layout,Casual Dining,Italian,₹ 700.00
Chilli Flakes,Yes,No,3.5/5,46,Banashankari,Quick Bites,"Fast Food, Italian, Beverages",₹ 500.00
Calcutta Cafe,Yes,No,3.9/5,45,Kumaraswamy Layout,Quick Bites,"Bengali, Chinese, Sandwich",₹ 350.00
Old Mumbai Ice Cream,Yes,No,3.9/5,38,Banashankari,Dessert Parlor,Ice Cream,₹ 150.00
Donne Biriyani House,Yes,No,3.9/5,441,Banashankari,Quick Bites,"South Indian, North Indian, Chinese, Biryani",₹ 400.00
By 2 Coffee,Yes,No,4.3/5,25,Basavanagudi,Quick Bites,South Indian,₹ 100.00
Kedia's Fun Food,Yes,No,3.8/5,630,Jayanagar,Quick Bites,"North Indian, Street Food, Juices",₹ 200.00
Davangere Butter Dosa Hotel,Yes,No,3.9/5,25,Kumaraswamy Layout,Quick Bites,South Indian,₹ 150.00
Just Shawarma,Yes,No,4.2/5,160,Kumaraswamy Layout,Quick Bites,Arabian,₹ 300.00
Mini Punjabi Dhaba,Yes,No,3.6/5,287,Banashankari,Quick Bites,North Indian,₹ 350.00
Mulabagilu Dosa,Yes,No,3.3/5,11,Basavanagudi,Quick Bites,South Indian,₹ 100.00
Gokul Veg,Yes,No,3.9/5,469,Basavanagudi,Casual Dining,"North Indian, Chinese, Beverages",₹ 750.00
Olive - Era,Yes,No,3.4/5,511,Kumaraswamy Layout,Casual Dining,"BBQ, Arabian, Rolls, Chinese, North Indian, Juices, Kebab, Desserts",₹ 550.00
Udupi Ruchi,Yes,No,3.9/5,57,Banashankari,Quick Bites,"South Indian, North Indian, Chinese, Street Food",₹ 200.00
Madhappa Hindu Military Hotel,Yes,No,3.0/5,14,Banashankari,Quick Bites,South Indian,₹ 300.00
Gama Gama,Yes,No,3.8/5,264,Banashankari,Quick Bites,South Indian,₹ 200.00
The Vintage Cafe,Yes,No,3.8/5,62,Banashankari,Cafe,"Cafe, French, North Indian",₹ 400.00
Pizza Hut,Yes,No,3.6/5,693,Banashankari,Casual Dining,"Pizza, Fast Food",₹ 750.00
Mangalore Pearl,Yes,No,4.1/5,242,Jayanagar,Casual Dining,"Mangalorean, Seafood, Chinese, Biryani",₹ 650.00
Asha Sweets Centre,Yes,No,4.2/5,27,Basavanagudi,Dessert Parlor,Fast Food,₹ 250.00
Twiststick House,Yes,No,3.5/5,163,Basavanagudi,Quick Bites,"Continental, Fast Food, Street Food, Momos",₹ 500.00
Cool Corner,Yes,No,2.5/5,191,Basavanagudi,Quick Bites,"Street Food, Fast Food",₹ 250.00
Pizza Mane,Yes,No,4.1/5,32,Banashankari,Quick Bites,"Pizza, Sandwich, Burger, Fast Food",₹ 150.00
Dal Tadkaa,Yes,No,3.9/5,247,Banashankari,Casual Dining,North Indian,₹ 500.00
Chutney Chang,Yes,Yes,3.6/5,2339,Jayanagar,Casual Dining,"North Indian, Chinese, BBQ","₹ 1,500.00"
Mystique Palate,Yes,No,3.6/5,337,Jayanagar,Quick Bites,"Chinese, Fast Food",₹ 300.00
Thamboola,Yes,No,4.2/5,135,Banashankari,Casual Dining,"North Indian, Chinese, Continental",₹ 800.00
Castle Rock,Yes,No,3.2/5,172,Uttarahalli,Casual Dining,"North Indian, Chinese",₹ 700.00
Vietnamese Kitchen,Yes,No,3.1/5,105,Banashankari,Casual Dining,Vietnamese,₹ 700.00
Smacznego,Yes,No,3.1/5,504,Banashankari,Cafe,"Cafe, Mexican, Italian, Momos, Beverages",₹ 550.00
C Corner,Yes,No,4.3/5,36,Kumaraswamy Layout,Quick Bites,"Fast Food, Street Food",₹ 200.00
Paratha Merchant,Yes,No,3.9/5,39,Kumaraswamy Layout,Quick Bites,North Indian,₹ 300.00
North Rasoe,Yes,No,4.3/5,5,Kumaraswamy Layout,Casual Dining,"North Indian, Chinese, Biryani, Kebab",₹ 500.00
Inchara Restaurant,Yes,No,3.8/5,0,Basavanagudi,Quick Bites,"North Indian, Chinese",₹ 300.00
Toscano,Yes,Yes,3.9/5,1129,Jayanagar,Casual Dining,"Italian, Salad","₹ 1,300.00"
Lord Of The Kitchen,Yes,No,3.0/5,56,Kumaraswamy Layout,Quick Bites,"North Indian, Chinese",₹ 350.00
Stoned Monkey,Yes,No,3.6/5,860,Banashankari,Dessert Parlor,"Desserts, Ice Cream",₹ 500.00
Central Jail Restaurant,Yes,No,2.8/5,412,Jayanagar,Casual Dining,"Andhra, Seafood, North Indian, Chinese",₹ 700.00
Bella,Yes,Yes,3.6/5,142,Jayanagar,Casual Dining,"Mangalorean, Seafood, South Indian","₹ 1,000.00"
Vennela Andhra Meals,Yes,No,4.4/5,23,Jayanagar,Quick Bites,Andhra,₹ 400.00
New Prashanth Hotel,Yes,No,3.8/5,143,Jayanagar,Casual Dining,"South Indian, Biryani, Chinese, North Indian",₹ 750.00
The Grillo,Yes,Yes,3.8/5,80,Jayanagar,Casual Dining,"South Indian, Arabian, Chinese, North Indian, Seafood, Mangalorean",₹ 500.00
Re Malnad Nati Style Hotel,Yes,No,3.6/5,16,JP Nagar,Casual Dining,South Indian,₹ 400.00
Karma Kaapi,Yes,No,3.8/5,181,Jayanagar,Beverage Shop,"Beverages, Tea",₹ 250.00
Tiwari's,Yes,No,3.9/5,70,Jayanagar,Quick Bites,"North Indian, Street Food",₹ 200.00
Pizza Stop,Yes,No,3.6/5,164,Basavanagudi,Quick Bites,"Pizza, Italian",₹ 600.00
Biggies Burger 'n' More,Yes,No,3.7/5,58,Kumaraswamy Layout,Quick Bites,"Cafe, Burger, Beverages",₹ 650.00
Srinathji's Cafe,No,No,3.6/5,148,Basavanagudi,"Casual Dining, Cafe","North Indian, Cafe, Chinese, Fast Food",₹ 550.00
Kollapuri's,No,No,3.8/5,206,Basavanagudi,Quick Bites,"South Indian, Mangalorean",₹ 450.00
Sugar Stars Co,No,No,3.4/5,0,Basavanagudi,Bakery,"Bakery, Desserts",₹ 300.00
Bombay Kulfis,No,No,3.6/5,0,JP Nagar,Dessert Parlor,Ice Cream,₹ 200.00
Kadamba Classic,No,No,3.3/5,16,Mysore Road,Quick Bites,South Indian,₹ 300.00
RS Shiv Sagar,No,No,3.5/5,217,Basavanagudi,Casual Dining,"North Indian, Chinese, South Indian, Fast Food, Juices",₹ 450.00
Kholi Mane,No,No,3.4/5,46,Basavanagudi,Quick Bites,"Andhra, South Indian, Biryani, North Indian",₹ 450.00
Harshi Super Sandwich,No,No,3.7/5,148,Basavanagudi,Quick Bites,"Fast Food, Street Food",₹ 150.00
Cake Yard,No,No,2.9/5,30,Basavanagudi,Dessert Parlor,Desserts,₹ 250.00
Rosewood International Hotel - Bar & Restaurant,No,No,3.5/5,8,Mysore Road,Casual Dining,"North Indian, South Indian, Andhra, Chinese",₹ 800.00
Sri Udupi Veg,No,No,3.7/5,4,Jayanagar,Quick Bites,South Indian,₹ 250.00
Cake Art,No,No,2.9/5,15,Basavanagudi,"Bakery, Quick Bites",Bakery,₹ 400.00
Aahar Cafe,No,No,4.1/5,0,Basavanagudi,Quick Bites,South Indian,₹ 100.00
Akash Gowdru Biryani Center,No,No,3.2/5,0,Uttarahalli,Quick Bites,"North Indian, Chinese",₹ 300.00
New Sri Udupi Restaurant,No,No,3.8/5,0,Jayanagar,Quick Bites,"North Indian, South Indian, Chinese, Beverages, Fast Food",₹ 200.00
Potato House,Yes,No,3.8/5,9,Uttarahalli,Quick Bites,Street Food,₹ 200.00
Hotel Biriyani Counter,No,No,3.8/5,0,Vijay Nagar,Quick Bites,"North Indian, Chinese, Biryani",₹ 350.00
Matru Sagar,Yes,No,3.8/5,31,Mysore Road,Quick Bites,"South Indian, North Indian",₹ 300.00
Ugadi,Yes,No,3.8/5,177,Jayanagar,Casual Dining,"North Indian, Chinese, Biryani, Andhra, Mangalorean",₹ 700.00
Sri Krishna Sweets,Yes,No,3.5/5,22,Basavanagudi,Sweet Shop,"Mithai, Desserts",₹ 250.00
In Time Cane Juice,Yes,No,3.7/5,10,Kumaraswamy Layout,Beverage Shop,"Juices, Beverages",₹ 100.00
Subway,Yes,No,4.0/5,136,Banashankari,Quick Bites,"Salad, Fast Food",₹ 600.00
Daal Roti,Yes,No,3.6/5,35,Kumaraswamy Layout,Quick Bites,"North Indian, Chinese",₹ 250.00
The Lassi Park,Yes,No,3.9/5,185,Jayanagar,Quick Bites,"Juices, Desserts",₹ 200.00
Cafe Coffee Day,Yes,No,2.5/5,17,Jayanagar,Cafe,"Cafe, Fast Food",₹ 900.00
A2B - Adyar Ananda Bhavan,Yes,No,3.4/5,155,Mysore Road,Casual Dining,"South Indian, North Indian, Chinese, Street Food",₹ 400.00
Srikrishna Bhavan,Yes,No,3.2/5,42,Banashankari,Quick Bites,"South Indian, North Indian, Chinese",₹ 300.00
Timepass Dinner,Yes,No,3.6/5,286,Basavanagudi,Casual Dining,North Indian,₹ 600.00
Green Gardenia,Yes,No,3.9/5,160,Banashankari,Casual Dining,"North Indian, Chinese",₹ 700.00
J Spice,Yes,No,3.8/5,59,Banashankari,Casual Dining,"North Indian, Chinese",₹ 750.00
Karavali Family Restaurant,Yes,No,4.1/5,90,Jayanagar,Casual Dining,"Seafood, Biryani, South Indian, North Indian, Chinese",₹ 500.00
Karavali Lunch Home,Yes,No,3.2/5,51,Kumaraswamy Layout,Quick Bites,"South Indian, Mangalorean",₹ 350.00
Hatti Kaapi,Yes,No,3.6/5,89,Jayanagar,Quick Bites,"South Indian, Beverages",₹ 200.00
Kolkata Kathi Roll's,Yes,No,3.7/5,18,Banashankari,Quick Bites,"Fast Food, Rolls",₹ 250.00
Upahara Darshini,Yes,No,3.9/5,40,Basavanagudi,Casual Dining,"North Indian, Chinese, South Indian, Fast Food",₹ 600.00
The Chaat Shop,Yes,No,NEW,35,Basavanagudi,Quick Bites,Fast Food,₹ 200.00
Anda Ka Funda,Yes,No,3.9/5,89,Jayanagar,Quick Bites,"North Indian, Chinese, Rolls",₹ 250.00
Shri Vinayaka Ice N Juice,Yes,No,4.1/5,11,Basavanagudi,Quick Bites,"Beverages, Fast Food",₹ 150.00
My Tea House,Yes,No,3.8/5,62,Banashankari,"Quick Bites, Cafe","Italian, Fast Food, Cafe, European",₹ 600.00
Ibaco,Yes,No,3.1/5,33,Jayanagar,Dessert Parlor,Desserts,₹ 300.00
Jalaram Sweets,Yes,No,3.7/5,32,Jayanagar,Sweet Shop,"Desserts, Mithai",₹ 250.00
Samskruti - Sanman Gardenia,Yes,No,4.2/5,139,Jayanagar,Casual Dining,"North Indian, Chinese, South Indian",₹ 550.00
Bendakaluru Bytes,Yes,No,4.0/5,154,Vijay Nagar,Quick Bites,Fast Food,₹ 300.00
Cocoa Bakes,Yes,No,4.3/5,14,Banashankari,Bakery,"Bakery, Desserts",₹ 350.00
Chumma Delicious,Yes,No,3.7/5,237,Banashankari,Quick Bites,"South Indian, Fast Food",₹ 200.00
New Prashanth Hotel,Yes,No,3.1/5,388,Banashankari,Casual Dining,"Biryani, North Indian, Seafood, Andhra",₹ 650.00
SSV Upahar,Yes,No,3.9/5,0,Jayanagar,Quick Bites,"South Indian, Chinese",₹ 300.00
Dwaraka Grand,Yes,No,3.3/5,128,Kumaraswamy Layout,Casual Dining,"South Indian, Chinese, Street Food, Juices",₹ 500.00
Gufha - The President Hotel,Yes,Yes,4.3/5,1875,Jayanagar,Casual Dining,"North Indian, Afghani, Mughlai","₹ 1,200.00"
Cafe Vivacity,Yes,No,2.6/5,90,Banashankari,Cafe,Cafe,₹ 650.00
Tanna's Kitchen,Yes,No,3.9/5,7,Kumaraswamy Layout,Quick Bites,"Italian, Chinese, Street Food",₹ 250.00
Shree Mandarathi Grand,Yes,No,3.7/5,38,Uttarahalli,Casual Dining,"South Indian, North Indian",₹ 400.00
Mojo Pizza - 2X Toppings,Yes,No,4.2/5,179,Banashankari,Delivery,Pizza,₹ 600.00
Iceberg Icecreams,Yes,No,3.9/5,43,Basavanagudi,Dessert Parlor,"Desserts, Ice Cream",₹ 250.00
South Kitchen,Yes,No,3.8/5,275,Basavanagudi,Quick Bites,South Indian,₹ 100.00
Chung Wah,Yes,No,4.2/5,323,Jayanagar,Casual Dining,"Chinese, Thai, Momos",₹ 850.00
Shanthi Sagar,Yes,No,3.6/5,28,Uttarahalli,Casual Dining,"South Indian, North Indian, Chinese",₹ 400.00
Millet Mama,Yes,No,3.4/5,18,Basavanagudi,Quick Bites,"South Indian, Healthy Food",₹ 200.00
Bangarpet Chat Express,Yes,No,NEW,6,Basavanagudi,Quick Bites,"Street Food, Fast Food",₹ 100.00
South Cool Point,Yes,No,3.9/5,0,Basavanagudi,Dessert Parlor,Beverages,₹ 100.00
Prems Graama Bhojanam,Yes,No,4.0/5,322,Jayanagar,Casual Dining,South Indian,₹ 400.00
Java City,Yes,No,3.7/5,157,Jayanagar,Cafe,"Cafe, American, Pizza",₹ 450.00
Kamat Bugle Rock,Yes,No,2.9/5,543,Basavanagudi,Quick Bites,"South Indian, Fast Food",₹ 300.00
Woodee Pizza,Yes,No,3.3/5,180,Banashankari,Cafe,"Cafe, Pizza, Fast Food, Beverages",₹ 500.00
Puliyogare Point,Yes,No,3.6/5,444,Basavanagudi,Quick Bites,South Indian,₹ 100.00
Bangalore Agarwal Bhavan,Yes,No,3.9/5,134,Jayanagar,Quick Bites,"Street Food, North Indian, South Indian",₹ 400.00
Rustic Stove,Yes,No,3.8/5,577,Jayanagar,Casual Dining,"North Indian, South Indian, Biryani, Beverages",₹ 900.00
Chinese Square,Yes,No,3.8/5,38,Basavanagudi,Quick Bites,Chinese,₹ 200.00
Castle Rock,Yes,No,4.0/5,172,Uttarahalli,Casual Dining,"North Indian, Chinese",₹ 700.00
Swadd Kitchen,Yes,No,3.6/5,4,Basavanagudi,Casual Dining,"North Indian, Fast Food",₹ 500.00
Right Pizza,Yes,No,3.8/5,0,Basavanagudi,Quick Bites,Pizza,₹ 300.00
Kamat Bugle Rock,Yes,No,3.6/5,543,Basavanagudi,Quick Bites,"South Indian, Fast Food",₹ 300.00
Basavanagudi Mylari,No,No,3.3/5,52,Basavanagudi,Quick Bites,South Indian,₹ 300.00
RS Shiv Sagar,No,No,3.2/5,217,Basavanagudi,Casual Dining,"North Indian, Chinese, South Indian, Fast Food, Juices",₹ 450.00
New Prashanth Hotel,No,No,3.6/5,34,Basavanagudi,Casual Dining,"South Indian, Biryani, Chinese, North Indian",₹ 750.00
Shrinidhi Military Hotel,No,No,3.8/5,6,Basavanagudi,Quick Bites,"North Indian, Mughlai",₹ 300.00
Dakshin Kitchen,Yes,No,3.7/5,15,Basavanagudi,Quick Bites,South Indian,₹ 100.00
Pramukh Family Restaurant,No,No,NEW,111,Basavanagudi,Casual Dining,"North Indian, Chinese, Mughlai",₹ 700.00
Chaatimes,Yes,No,3.8/5,133,Basavanagudi,Quick Bites,"Street Food, Fast Food",₹ 200.00
Vybhava,No,No,4.3/5,39,Jayanagar,Quick Bites,"South Indian, North Indian",₹ 250.00
Shree Venkateshwara North Karnataka Hotel,No,No,3.3/5,64,Basavanagudi,Quick Bites,South Indian,₹ 200.00
Kadamba Classic,No,No,3.1/5,16,Mysore Road,Quick Bites,South Indian,₹ 300.00
Food Geek,Yes,No,4.7/5,25,Basavanagudi,Quick Bites,"Sandwich, Fast Food, Rolls",₹ 350.00
Rosewood International Hotel - Bar & Restaurant,No,No,4.3/5,8,Mysore Road,Casual Dining,"North Indian, South Indian, Andhra, Chinese",₹ 800.00
Anand Sagar Inn,No,No,4.1/5,6,Basavanagudi,Casual Dining,"South Indian, North Indian, Chinese",₹ 450.00
Sangam Military Hotel,No,No,4.1/5,14,Jayanagar,Quick Bites,South Indian,₹ 250.00
Kholi Mane,No,No,3.9/5,46,Basavanagudi,Quick Bites,"Andhra, South Indian, Biryani, North Indian",₹ 450.00
Harshi Super Sandwich,No,No,3.8/5,148,Basavanagudi,Quick Bites,"Fast Food, Street Food",₹ 150.00
Hotel Pork Paradise,Yes,No,4.0/5,21,Mysore Road,Quick Bites,South Indian,₹ 300.00
Pallavi Bar & Restaurant,No,No,NEW,0,Mysore Road,"Casual Dining, Bar","North Indian, South Indian, Chinese",₹ 550.00
Belly Squad Food Truck,No,No,4.0/5,55,South Bangalore,Food Truck,"Chinese, Rolls, Biryani, Momos",₹ 300.00
Fattoush,Yes,Yes,3.3/5,1964,Bannerghatta Road,Casual Dining,"Arabian, Biryani, Chinese, Middle Eastern, Fast Food, North Indian, Mughlai, Seafood","₹ 1,000.00"
Empire Restaurant,Yes,No,3.0/5,3178,Bannerghatta Road,Casual Dining,"North Indian, Mughlai, South Indian, Chinese",₹ 750.00
Abhiruchi Hotel,Yes,No,3.8/5,455,Bannerghatta Road,Casual Dining,"Andhra, Biryani, North Indian, Chinese",₹ 550.00
Tulips,No,No,4.0/5,19,Bannerghatta Road,Casual Dining,"North Indian, South Indian, Chinese, Continental",₹ 800.00
Barbeque Nation,No,Yes,3.9/5,3845,JP Nagar,Casual Dining,"North Indian, European, Mediterranean, BBQ, Kebab","₹ 1,600.00"
Sattvam,No,No,NEW,353,JP Nagar,Casual Dining,"North Indian, South Indian","₹ 1,200.00"
24th Main,No,Yes,3.7/5,1234,JP Nagar,Casual Dining,"North Indian, South Indian, Chinese",₹ 800.00
Zaitoon,Yes,Yes,3.7/5,1538,JP Nagar,Casual Dining,"BBQ, Arabian, Chinese, North Indian, Desserts","₹ 1,000.00"
Mango Greens,No,Yes,3.9/5,49,JP Nagar,Casual Dining,"North Indian, Continental, Chinese",₹ 900.00
Oye Amritsar,Yes,Yes,3.9/5,756,JP Nagar,Casual Dining,North Indian,"₹ 1,000.00"
Melt - Eden Park,Yes,Yes, 4.5/5,347,JP Nagar,Casual Dining,"North Indian, Chinese, Thai, Mughlai, Seafood","₹ 1,000.00"
Crave Bit Cafe,No,No,3.6/5,0,JP Nagar,Cafe,Cafe,₹ 600.00
Spice Code,No,Yes,3.8/5,165,JP Nagar,Casual Dining,"South Indian, North Indian, Chinese, Biryani","₹ 1,000.00"
The Onyx - The HHI Select Bengaluru,No,No,3.9/5,177,JP Nagar,Casual Dining,"North Indian, Chinese, Continental",₹ 950.00
The Pavillion,No,No,3.6/5,43,JP Nagar,Casual Dining,"North Indian, Continental, South Indian, Chinese","₹ 1,000.00"
Sankranthi Veg Restaurant,Yes,No,3.9/5,102,BTM,Casual Dining,"South Indian, North Indian, Chinese",₹ 600.00
Tisano Cafe,Yes,No,3.6/5,54,Bannerghatta Road,Cafe,"Cafe, Fast Food, Chinese, Continental",₹ 500.00
Cafe Kabana,No,Yes,2.7/5,200,Bannerghatta Road,Cafe,"Cafe, Continental",₹ 700.00
Butterly,Yes,No,3.6/5,102,Bannerghatta Road,Cafe,"Cafe, Bakery, Beverages",₹ 450.00
Cafe Conico,No,No,3.3/5,0,Bannerghatta Road,Cafe,"Cafe, Beverages",₹ 600.00
Black Mug Cafe,Yes,No,3.7/5,171,Bannerghatta Road,Cafe,Cafe,₹ 300.00
Siene's,Yes,No,NEW,37,Bannerghatta Road,Cafe,"Cafe, Beverages",₹ 400.00
WAFL,Yes,No,4.1/5,40,Bannerghatta Road,Food Court,"Cafe, Fast Food, Desserts, Beverages",₹ 400.00
Vaho Kafe & Pressery,No,No,4.0/5,125,Bannerghatta,Cafe,"Cafe, Healthy Food, Asian, Italian, North Indian, Biryani, Juices",₹ 500.00
Dreamcatcher,Yes,No,NEW,49,Bannerghatta Road,Cafe,Cafe,₹ 600.00
Cafe Coffee Day,No,No,3.9/5,19,Bannerghatta Road,Cafe,"Cafe, Fast Food",₹ 900.00
Cafe Arabica,No,No,NEW,69,Bannerghatta Road,"Cafe, Bakery","Cafe, Bakery",₹ 700.00
Starbucks,No,No,4.1/5,52,Bannerghatta Road,Cafe,"Cafe, Desserts",₹ 700.00
Smoor,Yes,No,4.1/5,18,Bannerghatta ,Dessert Parlor,"Desserts, Cafe, Beverages",₹ 900.00
Kalmane Koffees,No,No,4.4/5,78,Bannerghatta Road,Cafe,Cafe,₹ 350.00
Shee-Sha Cafe,No,Yes,,39,Bannerghatta Road,"Cafe, Casual Dining","Cafe, North Indian, Chinese, Continental",₹ 800.00
Brews N Bites,Yes,No,3.7/5,48,Bannerghatta Road,"Quick Bites, Cafe","Chinese, Fast Food, Cafe, Street Food, Finger Food",₹ 650.00
D2V Cafe,No,No,3.7/5,13,Bannerghatta Road,Cafe,Cafe,₹ 700.00
Wellness Cafe,No,No,3.7/5,0,Bannerghatta ,Cafe,"Cafe, Healthy Food",₹ 400.00
Cafe Talk,No,No,3.6/5,14,Bannerghatta Road,"Cafe, Casual Dining","Cafe, Continental, North Indian, Bakery, Desserts",₹ 700.00
Cafe Choco Craze,No,No,2.6/5,9,Bannerghatta Road,Cafe,"Cafe, Fast Food, Desserts",₹ 400.00
Healthy Smoothie,No,No,3.4/5,0,Bannerghatta Road,Delivery,"American, Bakery, Beverages, Cafe, Healthy Food, Juices, North Indian, Sandwich",₹ 300.00
Me N U,No,No,3.4/5,0,Bannerghatta Road,Quick Bites,"Finger Food, Wraps, Cafe, Continental, Healthy Food",₹ 500.00
Slate Cafe,Yes,No,3.7/5,46,JP Nagar,Cafe,"Cafe, Sandwich, Burger",₹ 600.00
Dialogues,No,No,2.7/5,129,JP Nagar,Cafe,"Cafe, Continental",₹ 600.00
Cafe Zuppa,Yes,No,3.2/5,0,JP Nagar,Cafe,"Cafe, Pizza, Fast Food",₹ 450.00
Mudpipe Cafe,Yes,Yes,4.5/5,727,JP Nagar,Cafe,"Cafe, Continental, North Indian",₹ 800.00
Crave Bit Cafe,No,No,3.7/5,0,JP Nagar,Cafe,Cafe,₹ 600.00
TAB - Take A Break,No,No,3.8/5,521,JP Nagar,Cafe,"Cafe, Continental, Italian",₹ 550.00
Biggies Burger 'n' More,Yes,No,3.6/5,203,JP Nagar,"Quick Bites, Cafe","Cafe, Burger, Beverages",₹ 650.00
Onesta,Yes,Yes,3.8/5,4381,JP Nagar,"Casual Dining, Cafe","Pizza, Cafe, Italian",₹ 600.00
Cafe Potpourri,Yes,No,4.0/5,131,JP Nagar,Cafe,"Cafe, Sandwich, North Indian, Beverages, Desserts",₹ 400.00
De Oxford Cafe,No,No,3.4/5,34,JP Nagar,Cafe,"Cafe, Beverages, Fast Food",₹ 500.00
Vinaya Coffee Moments,Yes,No,3.6/5,46,JP Nagar,Cafe,"Burger, Cafe, Desserts, Sandwich, Italian",₹ 450.00
Brew Point,Yes,No,3.7/5,10,JP Nagar,Cafe,"Cafe, American, Burger, Sandwich, Fast Food",₹ 500.00
The Cravery,Yes,No,2.9/5,18,JP Nagar,Cafe,"Continental, Burger, Beverages, Cafe, Italian, Rolls",₹ 500.00
Cuppa,No,No,4.5/5,48,JP Nagar,Cafe,"Cafe, Fast Food",₹ 550.00
Anju's Cafe,No,No,4.1/5,6,JP Nagar,Cafe,"Cafe, North Indian",₹ 600.00
Furry Fairy Paw Paradise,No,No,3.9/5,0,JP Nagar,Cafe,Cafe,₹ 500.00
Junkealth,No,No,3.6/5,0,JP Nagar,Quick Bites,"Healthy Food, Beverages, Cafe",₹ 300.00
Skytouch Le Cafe,Yes,No,4.1/5,127,JP Nagar,Cafe,"Cafe, Italian, Desserts",₹ 700.00
Woodee Pizza,Yes,No,3.8/5,85,JP Nagar,Cafe,"Cafe, Pizza, Fast Food, Beverages",₹ 500.00
Hearts Unlock Cafe,No,No,3.3/5,11,BTM,Cafe,"Cafe, Healthy Food",₹ 500.00
eat.fit,Yes,No,4.0/5,1178,BTM,Delivery,"Healthy Food, North Indian, Biryani, Continental, Sandwich, Desserts",₹ 500.00
Sai Abhiruchi,Yes,No,4,335,BTM,Casual Dining,"Andhra, North Indian, Biryani",₹ 800.00
Capsicum Family Restaurant,Yes,No,3.8/5,254,BTM,Casual Dining,"Biryani, North Indian",₹ 800.00
Box Magic,Yes,No,3.1/5,21,Bannerghatta Road,Quick Bites,"North Indian, South Indian, Seafood, Rolls",₹ 400.00
Maa'r Rannaghor,Yes,No,4.0/5,20,JP Nagar,Quick Bites,"Bengali, Chinese",₹ 400.00
Easy Bites,Yes,No,3.4/5,63,JP Nagar,"Takeaway, Delivery","Fast Food, Sandwich",₹ 300.00
Hiyar Majhe Kolkata,Yes,No,3.6/5,244,BTM,Quick Bites,"Bengali, North Indian",₹ 400.00
Dabba Gosht,Yes,No,3.5/5,9,JP Nagar,"Takeaway, Delivery","Arabian, Middle Eastern",₹ 400.00
Empire Restaurant,Yes,No,3.9/5,113,JP Nagar,"Takeaway, Delivery","Kerala, Seafood, South Indian, Chinese, North Indian, Charcoal Chicken, Beverages",₹ 400.00
Punjabites,Yes,No,2.9/5,5,JP Nagar,"Takeaway, Delivery","North Indian, Charcoal Chicken",₹ 400.00
Sri Lakshmi Dhaba,Yes,No,NEW,255,BTM,Quick Bites,North Indian,₹ 250.00
XO Belgian Waffle,Yes,No,4.1/5,549,BTM,Dessert Parlor,"Desserts, Beverages",₹ 400.00
Swadista Aahar,Yes,No,2.9/5,775,BTM,Quick Bites,"South Indian, North Indian, Chinese, Street Food",₹ 300.00
Vegetarea,Yes,No,3.8/5,38,BTM,"Takeaway, Delivery",South Indian,₹ 250.00
Al-Bek,Yes,No,3.7/5,208,JP Nagar,"Takeaway, Delivery","Biryani, North Indian, Charcoal Chicken, Chinese, Seafood, Rolls",₹ 300.00
Aniram's,Yes,No,NEW,739,JP Nagar,Delivery,"Chinese, North Indian",₹ 500.00
Punjabi Nawabi,Yes,No,4.4/5,310,Bannerghatta Road,Quick Bites,North Indian,₹ 400.00
YummRajj,Yes,No,4.0/5,42,BTM,Quick Bites,Fast Food,₹ 500.00
Swad Punjab Da,Yes,No,3.8/5,126,BTM,Quick Bites,North Indian,₹ 150.00
Daniyal's,Yes,No,3.9/5,41,BTM,Quick Bites,"North Indian, Biryani, Mughlai, Kebab",₹ 800.00
Seasons,Yes,Yes,3.4/5,500,Bannerghatta Road,Casual Dining,"North Indian, South Indian, Chinese, Seafood, Kerala, Arabian, Juices","₹ 1,000.00"
Chef Delicacies,Yes,No,3.7/5,7,JP Nagar,"Takeaway, Delivery","Kebab, Rolls, Charcoal Chicken",₹ 400.00
Chung Wah,Yes,No,3.8/5,532,Bannerghatta Road,Casual Dining,"Chinese, Thai, Momos, Vietnamese",₹ 800.00
Indiana Burgers,Yes,No,3.7/5,23,BTM,Delivery,Burger,₹ 300.00
Moksha,Yes,No,3.9/5,42,Kanakapura Road,"Casual Dining, Bar","Chinese, North Indian, Andhra, South Indian","₹ 1,500.00"
Marwa Restaurant,Yes,Yes,3.8/5,551,Bannerghatta Road,Casual Dining,"North Indian, Chinese, Fast Food, BBQ",₹ 600.00
Pallavi North Indian Veg Restaurant,Yes,No,3.7/5,243,JP Nagar,Casual Dining,"Biryani, North Indian, Chinese",₹ 450.00
Sri Lakshmi Curries & Pickles,No,No,3.6/5,60,JP Nagar,Casual Dining,"Andhra, Biryani",₹ 400.00
Crave Bit Cafe,No,No,3.3/5,0,JP Nagar,Cafe,Cafe,₹ 600.00
TAB - Take A Break,No,No,,521,JP Nagar,Cafe,"Cafe, Continental, Italian",₹ 550.00
Chatori Gali,No,No,3.9/5,51,JP Nagar,Casual Dining,"North Indian, Street Food",₹ 600.00
Swathi Restaurant,Yes,No,4.0/5,48,JP Nagar,Casual Dining,Mangalorean,₹ 400.00
Brundhavana Pure Veg,Yes,No,3.9/5,98,JP Nagar,Casual Dining,"South Indian, North Indian, Chinese, Beverages",₹ 500.00
The Punjabi Rasoi,No,No,NEW,0,JP Nagar,Casual Dining,North Indian,₹ 800.00
Onesta,Yes,Yes,3.3/5,4381,JP Nagar,"Casual Dining, Cafe","Pizza, Cafe, Italian",₹ 600.00
Royal Chef Naati Oota,No,No,3.2/5,193,JP Nagar,Casual Dining,"South Indian, Biryani, North Indian",₹ 500.00
White Horse,No,No,3.3/5,177,JP Nagar,Quick Bites,"North Indian, Mangalorean, Chinese",₹ 400.00
Spice Code,No,Yes,3.7/5,165,JP Nagar,Casual Dining,"South Indian, North Indian, Chinese, Biryani","₹ 1,000.00"
Coconut Grove,No,No,2.9/5,97,JP Nagar,"Casual Dining, Bar","South Indian, Chettinad, Kerala, Seafood","₹ 1,100.00"
Cafe Potpourri,Yes,No,2.4/5,132,JP Nagar,Cafe,"Cafe, Sandwich, North Indian, Beverages, Desserts",₹ 400.00
Flow - Terrace Bar & Grill,No,No,3.8/5,82,JP Nagar,"Lounge, Bar","Pizza, Continental, North Indian, Chinese","₹ 1,000.00"
De Oxford Cafe,No,No,NEW,34,JP Nagar,Cafe,"Cafe, Beverages, Fast Food",₹ 500.00
Funky Punjab,Yes,No,3.6/5,407,JP Nagar,Casual Dining,"North Indian, Chinese",₹ 500.00
Vinaya Coffee Moments,Yes,No,3.8/5,46,JP Nagar,Cafe,"Burger, Cafe, Desserts, Sandwich, Italian",₹ 450.00
Dakshin Food Palace,Yes,No,3.5/5,42,JP Nagar,Casual Dining,"South Indian, North Indian, Chinese",₹ 450.00
Brew Point,Yes,No,3.6/5,10,JP Nagar,Cafe,"Cafe, American, Burger, Sandwich, Fast Food",₹ 500.00
The Onyx - The HHI Select Bengaluru,No,No,3.7/5,177,JP Nagar,Casual Dining,"North Indian, Chinese, Continental",₹ 950.00
Napoli Italian Bistro,Yes,Yes,NEW,1056,HSR,"Casual Dining, Bar","Italian, Mexican, Continental, Pizza","₹ 1,200.00"
Uptown Sliders & Shakes,Yes,No,3.4/5,112,HSR,Quick Bites,"Burger, Fast Food, Beverages",₹ 600.00
The Grub Central,Yes,Yes,4.1/5,797,HSR,Cafe,"Cafe, Italian, Continental",₹ 700.00
Cold Smith Ice Creams,Yes,No,4.3/5,41,Sarjapur Road,Dessert Parlor,"Ice Cream, Desserts",₹ 450.00
Keerthi Restaurant Andhra Style,Yes,No,4.1/5,0,Marathahalli,Quick Bites,Andhra,₹ 300.00
Thalis Of India,Yes,No,3.0/5,7,Sarjapur Road,Delivery,"South Indian, North Indian, Beverages",₹ 500.00
Singh Saheb Di Rasoi,Yes,No,NEW,10,Bellandur,Quick Bites,North Indian,₹ 800.00
Slurpy Shakes,Yes,No,NEW,6,Marathahalli,Delivery,Beverages,₹ 300.00
The Milkshake Theory,Yes,No,3.8/5,29,Sarjapur Road,Beverage Shop,"Beverages, Fast Food",₹ 400.00
Cake Box,Yes,No,2.9/5,24,Marathahalli,Bakery,"Bakery, Desserts",₹ 400.00
Wangs Kitchen,Yes,No,4.3/5,438,HSR,Casual Dining,Chinese,"₹ 1,000.00"
Quick Bites Food Junction,Yes,No,4.0/5,30,Sarjapur Road,Quick Bites,"North Indian, Chinese, Bengali",₹ 300.00
Poha On Wheels,Yes,No,4.2/5,0,Sarjapur Road,Quick Bites,Fast Food,₹ 100.00
Kidilum,Yes,No,4.0/5,32,Marathahalli,Casual Dining,"North Indian, Chinese, Kerala",₹ 450.00
Juice Junction Food Court,Yes,No,3.0/5,210,HSR,Quick Bites,"Juices, South Indian, Chinese, Fast Food",₹ 200.00
World In A Bowl,Yes,No,3.2/5,17,Sarjapur Road,Delivery,"Continental, North Indian, Desserts, Beverages",₹ 600.00
Sintales,Yes,No,3.5/5,44,Sarjapur Road,Cafe,"Cafe, Continental, Pizza, Burger, Beverages",₹ 600.00
The Litti Company,Yes,No,2.9/5,33,HSR,"Takeaway, Delivery",Bihari,₹ 400.00
Tanoor Tandoori,Yes,No,4.3/5,0,Bellandur,Delivery,"North Indian, Mughlai, Chinese, Kebab, Biryani",₹ 550.00
Myrasoiya.com,Yes,No,4.0/5,20,Sarjapur Road,Delivery,North Indian,₹ 350.00
Punjabi Times,Yes,Yes,NEW,1691,Bellandur,"Casual Dining, Bar",North Indian,"₹ 1,100.00"
Stoner,Yes,No,3.3/5,556,Sarjapur Road,"Dessert Parlor, Cafe","Ice Cream, Cafe, Pizza, Burger, Desserts, Beverages",₹ 500.00
Vandana Andhra and Multi Cuisine,Yes,Yes,4.0/5,481,Sarjapur Road,Casual Dining,"Andhra, Hyderabadi, Biryani, Chinese, North Indian",₹ 900.00
American Bites,Yes,No,3.7/5,4,Marathahalli,Quick Bites,"Pizza, American, Fast Food, Seafood",₹ 300.00
Roti's Ghar,Yes,No,3.7/5,0,Bellandur,"Takeaway, Delivery","North Indian, Juices",₹ 200.00
Telugu Velugu,Yes,No,3.2/5,0,HSR,Quick Bites,"South Indian, Andhra",₹ 500.00
Aashish Foods,Yes,No,3.6/5,34,Marathahalli,Quick Bites,North Indian,₹ 150.00
Laddoos,Yes,No,3.4/5,163,Bellandur,"Quick Bites, Sweet Shop","North Indian, Street Food, Mithai",₹ 250.00
Omleterian,Yes,No,3.8/5,0,Bellandur,Delivery,"American, Continental",₹ 200.00
Little Italy,Yes,Yes,2.8/5,715,Sarjapur Road,Casual Dining,"Italian, Pizza","₹ 1,500.00"
Rusbury Fresh Sweets And Savouries,Yes,No,3.5/5,65,HSR,Sweet Shop,"Mithai, Street Food",₹ 200.00
Shree Khana Khazana,Yes,No,3.5/5,166,Bellandur,Quick Bites,"North Indian, Chinese",₹ 450.00
Moti Mahal Delux,Yes,Yes,3.7/5,547,HSR,Casual Dining,"North Indian, Mughlai","₹ 1,000.00"
Shri Vishnu Grand,Yes,No,3.6/5,139,Marathahalli,Casual Dining,"North Indian, South Indian, Chinese",₹ 450.00
Andhra Paris,Yes,No,3.9/5,5,Sarjapur Road,Quick Bites,Andhra,₹ 250.00
Annapurna Foods,Yes,No,2.9/5,11,Bellandur,Casual Dining,"North Indian, Chinese, Hyderabadi",₹ 400.00
Spicy Punjabi Pharatha,Yes,No,3.6/5,76,Marathahalli,Quick Bites,"North Indian, Chinese, Biryani",₹ 400.00
Kitchen On Table,Yes,No,,787,HSR,Casual Dining,"BBQ, Chinese, Japanese, Asian","₹ 1,000.00"
Chai Point,Yes,No,4.3/5,0,Marathahalli,"Beverage Shop, Quick Bites","Italian, Biryani, Fast Food, North Indian, Rolls",₹ 200.00
Charcoal Eats,Yes,No,4.3/5,55,HSR,Quick Bites,"North Indian, Chinese, Biryani",₹ 500.00
Foodbell,Yes,No,4.2/5,0,Sarjapur Road,"Takeaway, Delivery",North Indian,₹ 300.00
Only Parathas,No,No,3.9/5,6,HSR,"Takeaway, Delivery",North Indian,₹ 250.00
Zayakedar,Yes,No,4.4/5,250,Bellandur,Quick Bites,"Beverages, Ice Cream, Sandwich, Fast Food",₹ 250.00
S S Popular Frozen Stone,Yes,No,4.1/5,24,Bellandur,"Beverage Shop, Quick Bites","Chinese, North Indian",₹ 300.00
Park N Eat,Yes,No,4.0/5,16,Marathahalli,Quick Bites,"North Indian, Biryani, Chinese",₹ 550.00
Unico,Yes,No,4.1/5,66,Bellandur,Casual Dining,"North Indian, Chinese, Andhra, South Indian, Biryani",₹ 200.00
New Andhra Spicy,Yes,No,4,11,Bellandur,Quick Bites,"Kerala, Beverages",₹ 150.00
Eat N Drinks,Yes,No,4.3/5,7,Bellandur,Takeaway,South Indian,₹ 200.00
Dosa Time,Yes,No,4.0/5,106,Sarjapur Road,Quick Bites,"Biryani, North Indian",₹ 500.00
Ammi's Biryani,No,No,2.8/5,43,Bellandur,Casual Dining,"Chinese, Italian, North Indian",₹ 700.00
Chef's Gallery,No,No,4.0/5,95,Bellandur,Casual Dining,"Andhra, Chettinad",₹ 700.00
Annalakshmi,No,No,3.9/5,28,Bellandur,Cafe,"Cafe, Beverages, Continental, North Indian, Chinese",₹ 700.00
Light House Cafe,Yes,No,4.2/5,94,Marathahalli,Quick Bites,"North Indian, Chinese",₹ 300.00
Hotel Shreekshetra,Yes,No,4.1/5,10,Sarjapur Road,Dessert Parlor,Desserts,₹ 300.00
Payohima Ice Creams,Yes,No,4.3/5,20,Sarjapur Road,Cafe,"Cafe, Continental, Tea",₹ 500.00
Tea Totallers,Yes,No,4.2/5,19,Bellandur,Quick Bites,"South Indian, Fast Food",₹ 300.00
Mirapakaya,Yes,No,3.9/5,0,Bellandur,"Takeaway, Delivery","Andhra, South Indian, North Indian, Biryani",₹ 300.00
ReadyBowl,Yes,No,3.8/5,76,Bellandur,Casual Dining,"North Indian, Mughlai",₹ 800.00
Qissa Khawani,Yes,No,3.9/5,319,Church Street,"Bar, Casual Dining",Asian,"₹ 2,000.00"
Ging - Royal Orchid Central,Yes,Yes,3.9/5,225,MG Road,Fine Dining,"Chinese, Momos","₹ 3,000.00"
Memories of China - Taj MG Road Bengaluru,No,Yes,4.2/5,449,MG Road,Bar,"Finger Food, Mediterranean, North Indian","₹ 2,000.00"
Fuel Resto Bar,No,No,4.1/5,38,Richmond Road,Fine Dining,"North Indian, Italian, European, Continental","₹ 2,000.00"
Ithaca - The Chancery Pavilion,No,Yes,3.9/5,312,Residency Road,"Fine Dining, Bar",Chinese,"₹ 3,500.00"
The Lantern Restaurant & Bar - The Ritz-Carlton...,No,Yes,3.6/5,424,Residency Road,Pub,"Continental, Steak","₹ 1,200.00"
Bootlegger,No,No,4.1/5,1543,Lavelle Road,Casual Dining,"Italian, Bakery, Fast Food","₹ 1,000.00"
Foodhall,Yes,No,3.9/5,113,MG Road,Cafe,"Cafe, American, Italian, Pizza, Burger",₹ 700.00
Wolf'ish,Yes,No,4.2/5,459,Church Street,"Casual Dining, Bar","North Indian, Lucknowi","₹ 1,300.00"
Tiger Trail - Ramada Hotel,Yes,Yes,4.2/5,188,Shivajinagar,Casual Dining,"North Eastern, Asian, Naga, Steak, Momos",₹ 800.00
Somilan Steak House,No,No,4.1/5,524,Church Street,Casual Dining,"Chinese, Thai, Momos, Vietnamese","₹ 1,000.00"
Chung Wah,Yes,No,3.9/5,360,Residency Road,Casual Dining,"Chinese, Tibetan",₹ 500.00
Peace Restaurant,Yes,No,4.2/5,109,Shanti Nagar,Casual Dining,"Biryani, Kebab",₹ 750.00
Mani's Dum Biryani,Yes,No,4.1/5,175,Ulsoor,"Casual Dining, Bar",Japanese,"₹ 1,800.00"
Matsuri - The Chancery Hotel,No,Yes,4.0/5,183,Lavelle Road,Casual Dining,"Nepalese, Tibetan, Momos",₹ 800.00
Utse Kitchen,Yes,No,4.2/5,172,Commercial Street,Club,Continental,"₹ 2,800.00"
Ice - Taj MG Road Bengaluru,No,Yes,3.9/5,608,MG Road,Cafe,"Cafe, Fast Food, Burger",₹ 800.00
Peppa Zzing,Yes,No,4.0/5,1133,Infantry Road,"Casual Dining, Bar",North Eastern,"₹ 1,000.00"
EatWater,Yes,No,3.8/5,121,Lavelle Road,Casual Dining,"North Indian, Chinese, Fast Food",₹ 500.00
Kabab Korner,Yes,No,4.0/5,205,St. Marks Road,Lounge,"North Indian, Chinese, Mediterranean","₹ 3,000.00"
i-Bar - The Park Bangalore,No,No, ('Rated 5.0',617,MG Road,Cafe,"Cafe, Italian",₹ 750.00
The Courtyard,No,Yes,3.8/5,297,Shanti Nagar,Casual Dining,"North Indian, Chinese, Biryani, Kebab, Juices",₹ 800.00
Imperial Restaurant,Yes,No,2.7/5,366,Residency Road,Cafe,Cafe,₹ 700.00
Marzipan @ The Bohemian House,Yes,No, ('Rated 5.0',50,Richmond Road,Casual Dining,"Continental, Asian, North Indian, South Indian","₹ 2,000.00"
The Bengaluru Brasserie - Hyatt Centric MG Road,No,Yes,3.5/5,117,Ulsoor,Casual Dining,"North Indian, Continental, South Indian","₹ 2,200.00"
Citrus Cafe - Lemon Tree Premier,No,No,3.9/5,183,Ulsoor,"Cafe, Casual Dining","Cafe, Burger, Italian, Fast Food",₹ 650.00
Cafe Imroze,Yes,No,3.9/5,95,Infantry Road,"Casual Dining, Bar","Kerala, Seafood","₹ 1,800.00"
Fort Kochi,No,Yes,3.1/5,335,MG Road,Casual Dining,"North Indian, Iranian",₹ 950.00
Ayda Persian Kitchen,Yes,No,3.9/5,224,Church Street,Casual Dining,"Continental, American",₹ 750.00
The Egg Factory,Yes,No,3.6/5,1764,St. Marks Road,Fine Dining,Continental,"₹ 3,000.00"
Lotus Pavilion - ITC Gardenia,No,Yes,3.8/5,175,Richmond Road,Casual Dining,"Goan, Seafood, Konkan, Desserts","₹ 1,000.00"
Nossa Goa,Yes,Yes,3.0/5,294,Richmond Road,Pub,"Finger Food, Continental, Asian, North Indian","₹ 1,500.00"
Chugg,No,Yes,3.4/5,747,Church Street,"Cafe, Bakery","Cafe, Bakery",₹ 500.00
Happy Belly Bakes,Yes,No,3.7/5,115,MG Road,Casual Dining,"Healthy Food, North Indian, South Indian",₹ 400.00
The Good Grain,Yes,No,3.7/5,54,Residency Road,Casual Dining,"North Indian, Chinese",₹ 550.00
New Hilal Restaurant,No,No,3.6/5,108,Shivajinagar,"Casual Dining, Cafe","Lebanese, Mediterranean, Cafe","₹ 1,000.00"
Cafe Cassia& Deli,No,No,4.1/5,115,Ulsoor,Bar,Finger Food,₹ 600.00
Scottish Pub,No,No,3.1/5,191,St. Marks Road,Casual Dining,"North Indian, South Indian, Chinese, Juices",₹ 700.00
Palmgrove,No,No,2.5/5,224,Residency Road,Quick Bites,"Biryani, South Indian",₹ 350.00
The Biryani Paradise,No,No,4.0/5,32,Richmond Road,Casual Dining,"Mangalorean, South Indian","₹ 2,000.00"
Tasting Room - Bengaluru Oota Company,No,No,4.1/5,58,Ulsoor,Casual Dining,"North Indian, Chinese",₹ 550.00
Taj Hotel,Yes,No,3.1/5,111,Shivajinagar,Casual Dining,"North Indian, Chinese, Mughlai","₹ 1,200.00"
Parika Multicuisine Restaurant,Yes,Yes,2.8/5,203,Richmond Road,Pub,"North Indian, Chinese","₹ 1,000.00"
WYT RestroPub,No,No,3.7/5,402,MG Road,Quick Bites,South Indian,₹ 300.00
MTR 1924,No,No,4.1/5,697,St. Marks Road,Quick Bites,North Indian,₹ 300.00
Desi Inn,Yes,No,4.0/5,13,Shanti Nagar,Casual Dining,"Chinese, Thai, Indonesian","₹ 1,300.00"
The Oriental Spice - Ashraya Hotel,Yes,No,3.6/5,158,Infantry Road,Casual Dining,"North Indian, Chinese, Fast Food, Street Food",₹ 500.00
Sagar Delicacy,Yes,No,4.0/5,87,Ulsoor,Casual Dining,"South Indian, Chinese",₹ 450.00
Revoli Hotel,No,No,3.4/5,21,Shanti Nagar,"Bar, Casual Dining","Italian, North Indian, Continental","₹ 1,000.00"
ThrowBack - Pub & Dine,No,No,3.9/5,234,Langford Town,Casual Dining,"North Indian, Chinese",₹ 500.00
Shyvan Restaurant,Yes,No,3.8/5,82,Shanti Nagar,Casual Dining,"Italian, European","₹ 1,600.00"
Pinxx - Royal Orchid Central,Yes,Yes,3.8/5,198,MG Road,Casual Dining,North Indian,₹ 500.00
Swathi Deluxe Restaurant,Yes,No,4.1/5,74,Shanti Nagar,Fine Dining,"Italian, North Indian","₹ 3,000.00"
Monsoon - The Park Bangalore,No,Yes,3.9/5,271,MG Road,"Cafe, Bakery","Cafe, Bakery, Continental","₹ 1,000.00"
The Blackboard Bakery,No,Yes,4.2/5,91,Lavelle Road,Quick Bites,"North Indian, Chinese, Arabian, Rolls",₹ 350.00
Al Noor,No,No,3.5/5,21,Shivajinagar,Casual Dining,"North Indian, South Indian, Chinese",₹ 450.00
Kamat Hotel,No,No,3.9/5,60,Shivajinagar,Casual Dining,"Continental, Asian, Italian","₹ 1,000.00"
Cafe Treat - The Pride Hotel,Yes,No,3.9/5,119,Richmond Road,Quick Bites,"Biryani, Chinese, Fast Food, North Indian",₹ 400.00
KKR FOODIES,Yes,Yes,2.6/5,58,St. Marks Road,Casual Dining,"Chinese, South Indian, North Indian",₹ 650.00
Woody's,No,No,3.9/5,433,Commercial Street,Casual Dining,Chinese,₹ 550.00
Little Chef,No,No,3.9/5,101,Richmond Road,"Cafe, Quick Bites","Cafe, Italian, Healthy Food","₹ 1,200.00"
Fresh Pressery Cafe,No,No,3.3/5,104,Lavelle Road,"Casual Dining, Bar","North Indian, Continental, Chinese","₹ 1,200.00"
South Parade - The Chancery Hotel,No,No,3.4/5,120,Lavelle Road,Casual Dining,"North Indian, Chinese","₹ 1,000.00"
Mint Masala,No,No,3.9/5,253,Infantry Road,Pub,"North Indian, Continental","₹ 1,000.00"
Downtown,No,No,3.7/5,293,Residency Road,Casual Dining,Beverages,"₹ 2,000.00"
The Lobby Lounge - The Ritz-Carlton,No,No,3.7/5,28,Residency Road,Lounge,Finger Food,"₹ 2,000.00"
The Ritz-Carlton Bar - The Ritz-Carlton,No,No,3.8/5,93,Residency Road,Lounge,Finger Food,"₹ 1,700.00"
Sphyre - Gateway Hotel,No,No,4.0/5,43,Residency Road,Lounge,Finger Food,"₹ 1,500.00"
Slounge - Lemon Tree Premier,No,No,3.3/5,62,Ulsoor,Casual Dining,"North Indian, Chinese, Seafood, Mangalorean",₹ 550.00
Skyline Family Restaurant,Yes,No,3.8/5,33,Shanti Nagar,Casual Dining,"South Indian, Fast Food, Street Food",₹ 400.00
A2B - Adyar Ananda Bhavan,Yes,No,3.8/5,184,Shanti Nagar,Sweet Shop,"Fast Food, Mithai",₹ 300.00
Tewari Bros Mithai Shoppie,Yes,No,3.9/5,59,Commercial Street,Bar,"Continental, North Indian, Chinese","₹ 1,200.00"
Strikers Sports Bar and Music,No,Yes,3.0/5,73,Shanti Nagar,Fine Dining,"American, North Indian, European, Tex-Mex","₹ 3,000.00"
Polo Club - The Oberoi,No,No,3.7/5,117,MG Road,"Beverage Shop, Cafe","Cafe, Tea, North Indian",₹ 500.00
Tata Cha,Yes,No,3.3/5,67,Church Street,Cafe,"Pizza, Italian, Cafe, Burger, Finger Food, Fast Food, Sandwich",₹ 500.00
Moto Store & Café,Yes,No,4.1/5,382,Ulsoor,"Casual Dining, Bar","Asian, North Indian, Continental","₹ 1,800.00"
Atomic Lab,No,No,4.2/5,53,Lavelle Road,Lounge,Spanish,"₹ 2,500.00"
Bar UNO - JW Marriott Bengaluru,No,No,NEW,72,Lavelle Road,Casual Dining,"Italian, Fast Food",₹ 800.00
Sidewalk Cafe - Nahar's Heritage Hotel,No,No,4.0/5,134,St. Marks Road,Fine Dining,Chinese,"₹ 2,500.00"
Szechwan Court - The Oberoi,No,No,2.9/5,168,MG Road,Casual Dining,"Mughlai, North Indian, Chinese",₹ 700.00
Rahhams,Yes,No,3.8/5,307,Shanti Nagar,Casual Dining,"North Indian, Kebab, Fast Food",₹ 500.00
Kabab Magic,Yes,No,3.0/5,74,Richmond Road,Casual Dining,"North Indian, Mughlai, Hyderabadi","₹ 1,400.00"
Curry with a 'K' - St. Mark's Hotel,No,No,3.8/5,89,St. Marks Road,Casual Dining,Biryani,₹ 600.00
Shaadi Ki Biryani,Yes,No,3.7/5,296,Commercial Street,Casual Dining,"South Indian, Biryani",₹ 450.00
Halli Oota,No,No,3.8/5,6,St. Marks Road,Cafe,"Cafe, Beverages, Fast Food",₹ 600.00
Driven Cafe,Yes,No,3.7/5,122,Residency Road,Cafe,"Cafe, Continental, Italian",₹ 800.00
Soul Cafe,No,Yes,4.3/5,315,MG Road,Cafe,Cafe,₹ 300.00
Barista,No,No,3.8/5,35,Shanti Nagar,Casual Dining,"North Indian, South Indian, Chinese",₹ 550.00
Chaithanya Delicacy,No,No,4.0/5,52,Richmond Road,Casual Dining,"Chinese, Thai",₹ 850.00
Beijing Bites,Yes,No,3.8 /5,262,Richmond Road,Lounge,"Finger Food, Continental, Chinese","₹ 2,400.00"
Liquid Lounge - Hyatt Centric MG Road,No,Yes,3.8 /5,98,Ulsoor,Casual Dining,"North Indian, Chinese",₹ 500.00
Wazir's,Yes,No,3.4 /5,261,Shanti Nagar,Bar,"North Indian, Chinese","₹ 1,400.00"
Retro Lounge Bar,No,Yes,3.0 /5,108,Ulsoor,Cafe,"Cafe, North Indian, Fast Food","₹ 2,200.00"
The Lobby Brew - Conrad Bengaluru,No,Yes,3.0 /5,25,Ulsoor,Casual Dining,North Indian,"₹ 1,900.00"
Northern Gate- Gateway Hotel,No,Yes,3.9 /5,100,Residency Road,Casual Dining,"North Indian, Continental, Chinese",₹ 800.00
Canopy,No,No,3.5 /5,107,MG Road,"Casual Dining, Cafe","Chinese, North Indian, Cafe","₹ 1,000.00"
Cafe @ Elanza,No,No,3.2 /5,145,Richmond Road,Cafe,"Cafe, Fast Food",₹ 700.00
Cafe 22,No,No,3.8 /5,11,Church Street,Cafe,Cafe,₹ 250.00
Chai Ki Tapri,No,No,3.7 /5,16,MG Road,Casual Dining,"North Indian, Asian, Mediterranean","₹ 1,000.00"
The RoofTop,No,No,3.9 /5,4,St. Marks Road,"Casual Dining, Bar","Continental, Chinese","₹ 1,200.00"
Mighty Small,No,No,3.2 /5,259,MG Road,"Casual Dining, Bar","Thai, Continental, North Indian","₹ 1,500.00"
White Plate,No,Yes,3.8 /5,258,MG Road,Bar,"Finger Food, Fast Food, Continental","₹ 2,200.00"
The Hub - Ibis Hotel,No,No,3.7 /5,29,Richmond Road,Casual Dining,"South Indian, Seafood, Kerala, Biryani",₹ 800.00
No 10 Fort Cochin,No,No,3.1 /5,0,Residency Road,"Beverage Shop, Quick Bites","Tea, Beverages, Fast Food",₹ 250.00
Chai Point,Yes,No,3.7 /5,132,Residency Road,Casual Dining,"Continental, Italian, Chinese","₹ 1,000.00"
Tiffanys,No,No,3.1 /5,31,Shanti Nagar,Cafe,"Cafe, Continental, Salad",₹ 600.00
Cafe Cerrise,Yes,No,3.2 /5,96,Ulsoor,Casual Dining,"North Indian, Chinese","₹ 1,000.00"
Nithyothsav - Hotel Ramanashree,No,No,2.8 /5,31,MG Road,Casual Dining,"North Indian, South Indian, Chinese, Fast Food",₹ 800.00
Cafe Monarch Luxur,No,No,3.1 /5,23,Infantry Road,Casual Dining,"North Indian, Chinese",₹ 700.00
Jaisalmer,No,No,3.2 /5,57,St. Marks Road,Casual Dining,South Indian,₹ 500.00
Sunehri,No,No,3.5 /5,67,Richmond Road,Bar,"North Indian, Chinese, Finger Food",₹ 800.00
Page 3 Multicuisine Restaurant & Bar,No,No,2.7 /5,14,Residency Road,Casual Dining,"Chinese, North Indian, South Indian",₹ 400.00
Kadamba Foodline,Yes,No,3.2 /5,29,Ulsoor,Fine Dining,"Italian, Salad","₹ 3,000.00"
Ottimo - ITC Gardenia,No,Yes,3.5 /5,164,Richmond Road,Casual Dining,"Continental, South Indian, North Indian, Asian","₹ 1,100.00"
Bazaar- Zone By The Park,No,Yes,NEW,52,Infantry Road,Casual Dining,South Indian,₹ 400.00
Sri Vishnu Bhavan Veg,No,No,2.9 /5,0,Shanti Nagar,Quick Bites,"North Indian, Mughlai, Chinese",₹ 400.00
Delhi Mahal,Yes,No,4.2 /5,114,Whitefield,Quick Bites,Biryani,₹ 250.00
Kolkata Biryani Center,Yes,No,3.7 /5,40,Whitefield,Quick Bites,"Biryani, Chinese, South Indian, North Indian",₹ 400.00
Vijayas Biryani Palace,Yes,No,3.0 /5,36,Whitefield,Quick Bites,"Fast Food, Burger",₹ 500.00
Meat and Eat,Yes,No,3.7 /5,28,Whitefield,Quick Bites,"Andhra, Chinese, North Indian, Biryani, Beverages",₹ 400.00
Krutunga Restaurant,Yes,No,3.4 /5,52,Whitefield,Quick Bites,"North Indian, South Indian, Chinese",₹ 500.00
Kamat Yatrinivas,No,No,NEW,241,Whitefield,Food Court,North Indian,₹ 400.00
Chatpata India,Yes,No,3.8 /5,103,Whitefield,Quick Bites,"Healthy Food, Sandwich, Salad",₹ 500.00
Subway,Yes,No,3.9 /5,41,Whitefield,Quick Bites,Fast Food,₹ 200.00
Five Star Chicken,Yes,No,3.9 /5,42,Whitefield,Quick Bites,"North Indian, Chinese",₹ 200.00
Mother's Food,Yes,No,NEW,63,Whitefield,Quick Bites,"Bengali, North Indian, Chinese, Biryani",₹ 400.00
Petuk,Yes,No,3.7 /5,79,Whitefield,Quick Bites,Street Food,₹ 200.00
Desi Chats,No,No,3.7 /5,18,Whitefield,Quick Bites,North Indian,₹ 300.00
Maa Durga Restaurant,Yes,No,3.1 /5,4,Whitefield,Food Court,"Juices, Fast Food",₹ 400.00
Squeez Juice Bar,No,No,3.5 /5,107,Whitefield,Quick Bites,"North Indian, Chinese",₹ 300.00
Vegtaurant,Yes,No,3.7 /5,88,Whitefield,Quick Bites,"Fast Food, Rolls, Momos",₹ 300.00
Rolls On Wheels,No,No,3.3 /5,76,Whitefield,Quick Bites,South Indian,₹ 250.00
Nandi Mess - Feel Like Mom's,Yes,No,NEW,31,Whitefield,Quick Bites,"North Indian, Chinese, Biryani, Seafood",₹ 600.00
Pot Biryani,Yes,No,3.8 /5,113,Whitefield,Food Court,"North Indian, South Indian, Arabian",₹ 400.00
Jalsa Adda,No,No,3.9 /5,8,Whitefield,Quick Bites,"Pizza, Fast Food",₹ 400.00
Domino's Pizza,No,No,3.2 /5,49,Whitefield,Quick Bites,North Indian,₹ 300.00
Night Diaries,No,No,3.2 /5,16,Whitefield,Quick Bites,"North Indian, South Indian",₹ 400.00
Taste Of India Family Restaurant,Yes,No,3.8 /5,232,Whitefield,Quick Bites,"North Indian, Mughlai, Chinese",₹ 350.00
Kabab Mirchi,No,No, ('Rated 3.5',46,Whitefield,Food Court,"South Indian, Chettinad",₹ 400.00
Nalaas Aapakadai,No,No,4.2 /5,33,Whitefield,Quick Bites,Biryani,₹ 300.00
Hyderabad Biryani,Yes,No,4.0 /5,4,Whitefield,Quick Bites,North Indian,₹ 200.00
At North Parontha Hut,No,No,3.1 /5,0,Whitefield,Quick Bites,"Andhra, Biryani, North Indian",₹ 300.00
Andhra Ghumaghumalu,Yes,No,3.6 /5,18,Whitefield,Quick Bites,"North Indian, Chinese",₹ 300.00
Tasty Food,Yes,No,3.2 /5,0,Whitefield,Quick Bites,"North Indian, Mughlai, Chinese",₹ 500.00
Grill Point,Yes,No,3.1 /5,30,Whitefield,Quick Bites,"North Indian, Healthy Food, Beverages",₹ 400.00
nu.tree,Yes,No,3.7 /5,52,Whitefield,Quick Bites,"North Indian, Kerala",₹ 350.00
Mothi Restaurant,No,No,3.4 /5,64,Whitefield,Quick Bites,"Mithai, Street Food",₹ 500.00
Bangalore Agarwal Bhavan,No,No,4.2 /5,5,Whitefield,Quick Bites,Street Food,₹ 200.00
Goli Vada Pav No. 1,No,No,3.8 /5,14,Whitefield,Quick Bites,"North Indian, Chinese",₹ 300.00
Nisarga Restaurant,Yes,No,2.9 /5,6,Whitefield,Quick Bites,South Indian,₹ 300.00
Sri chowdeshwari Mudde Hotel,No,No,3.6 /5,0,Whitefield,Food Court,"Italian, Mexican, Burger, Fast Food",₹ 450.00
Dhadoom,No,No,3.5 /5,0,Whitefield,Quick Bites,"Fast Food, Salad, Desserts",₹ 700.00
Foodhall,Yes,No,4.2 /5,28,Whitefield,Quick Bites,"Fast Food, Burger, Beverages, Rolls, Sandwich",₹ 400.00
Lenny's- Burgers and more,Yes,No,3.8 /5,38,Whitefield,"Food Court, Quick Bites","Mexican, Fast Food",₹ 400.00
California Burrito,No,No,2.8 /5,122,Whitefield,Quick Bites,North Indian,₹ 500.00
Temptation,Yes,No,4.1 /5,0,Whitefield,Dessert Parlor,"Bakery, Desserts, Beverages",₹ 450.00
Mad Over Donuts,Yes,No,3.7 /5,29,Whitefield,Quick Bites,Street Food,₹ 300.00
Chaat Bazaar,Yes,No,3.5 /5,35,Whitefield,Quick Bites,North Indian,₹ 400.00
Shan-e-Punjabi Express,Yes,No,3.4 /5,76,Whitefield,Food Court,Arabian,₹ 500.00
Marhaba,Yes,No,NEW,8,Whitefield,Food Court,"Andhra, Hyderabadi, Biryani",₹ 600.00
Naga's,Yes,No,2.8 /5,36,Whitefield,Food Court,"Biryani, Kebab",₹ 400.00
Chikpet Donne Biriyani House,Yes,No,3.7 /5,20,Whitefield,Quick Bites,"North Indian, Street Food, Beverages",₹ 300.00
Picnik,Yes,No,3.5 /5,0,Whitefield,Quick Bites,"North Indian, Fast Food, Burger, BBQ",₹ 450.00
RoadHouse Grill,Yes,No,3.3 /5,99,Whitefield,Quick Bites,"North Indian, Rolls",₹ 300.00
Rafoo Chakkar,Yes,No,3.7 /5,386,Whitefield,Quick Bites,"North Indian, Bengali, Chinese",₹ 300.00
Friend's Own,Yes,No,4.0 /5,55,Whitefield,Quick Bites,"Andhra, Biryani",₹ 350.00
Biriyani House,No,No,3.4 /5,13,Whitefield,Quick Bites,"North Indian, Chinese",₹ 400.00
Chacha Ka Dhaba,No,No,3.5 /5,0,Whitefield,"Bakery, Cafe","Bakery, Desserts, Cafe, Italian, Pizza",₹ 400.00
Chef Baker's,Yes,No,3.6 /5,124,Whitefield,Cafe,Cafe,₹ 400.00
Tea Journey,No,No,3.5 /5,71,Indiranagar,Quick Bites,"Fast Food, Bengali, Rolls",₹ 400.00
Kitchen of Joy,Yes,No,4.3/5,581,Indiranagar,Quick Bites,"Fast Food, Biryani",₹ 200.00
Big Mummy,Yes,No,4.0 /5,223,Indiranagar,Quick Bites,"South Indian, North Indian, Fast Food, Street Food",₹ 300.00
Cafe Srinidhi,No,No,3.8 /5,91,Indiranagar,Quick Bites,North Indian,₹ 700.00
Paratha Plaza,Yes,No,3.5 /5,156,Indiranagar,Casual Dining,Chinese,₹ 600.00
Chungs Pavilion,Yes,No,3.1 /5,249,Indiranagar,Casual Dining,"South Indian, North Indian, Continental",₹ 150.00
Bhagini Icon Boutique Hotel,Yes,No,2.5 /5,6,Indiranagar,Quick Bites,"South Indian, North Indian, Street Food, Chinese, Beverages",₹ 200.00
Sri Krishna Sagar,No,No,2.4 /5,66,Domlur,Quick Bites,South Indian,₹ 600.00
Santrupthi Khanavalli,No,No,1.9/5,4,CV Raman Nagar,Quick Bites,"Beverages, Fast Food",₹ 400.00
Shake It Off,Yes,No,3.7 /5,165,Indiranagar,Quick Bites,"Bengali, Continental",₹ 600.00
Kasol Cafe,No,No,3.0 /5,21,Indiranagar,"Dessert Parlor, Cafe","Fast Food, Desserts, Cafe",₹ 700.00
Lakeview Milkbar,No,No,3.2 /5,544,Indiranagar,Casual Dining,"North Indian, Chinese",₹ 400.00
Cafe Ritzz,No,Yes,2.8 /5,40,Indiranagar,Quick Bites,"North Indian, Chinese",₹ 300.00
Eat Well,Yes,No,2.4 /5,33,Indiranagar,Quick Bites,"Asian, Chinese",₹ 600.00
Kylie's,No,No,3.4 /5,263,Indiranagar,Quick Bites,"Fast Food, Burger, Sandwich, Beverages",₹ 400.00
Cheesy Juicy Burgers,Yes,No,2.8 /5,85,Indiranagar,Casual Dining,"Chinese, Thai, Momos, Vietnamese",₹ 300.00
Chung Wah Express,Yes,No,NEW,97,Indiranagar,"Food Court, Quick Bites","Mexican, Fast Food",₹ 600.00
California Burrito,No,No,3.0 /5,343,Domlur,Quick Bites,"North Indian, Chinese, Continental, Seafood",₹ 300.00
Happenwell Cafe Lounge,No,No,3.8 /5,24,Indiranagar,Casual Dining,"North Indian, South Indian, Andhra, Mughlai",₹ 400.00
Flavors of India,No,No,3.8 /5,6,Domlur,Food Truck,Fast Food,₹ 200.00
Pappu Chaiwalla,No,No,2.9 /5,0,East Bangalore,Quick Bites,"Fast Food, North Indian, Continental",₹ 500.00
Anju's Cafe,No,No,3.4 /5,6,Indiranagar,Quick Bites,"South Indian, Beverages",₹ 750.00
Hatti Kaapi,Yes,No,4.0 /5,0,Indiranagar,Cafe,"Cafe, Continental, Fast Food",₹ 400.00
Cup Shup,No,No, ('Rated 4.0',185,Indiranagar,Casual Dining,North Indian,₹ 250.00
Bites 2 Binge,Yes,No,4.1 /5,19,Indiranagar,Quick Bites,Fast Food,"₹ 1,800.00"
Big Chick Fried Chicken,Yes,No,,11,Kaggadasapura,Quick Bites,"Fast Food, Momos, Rolls","₹ 1,300.00"
Pathaan Sir,Yes,No,3.6 /5,55,Indiranagar,Casual Dining,"Mughlai, North Indian",₹ 250.00
Masala Dani - The Paul,No,No,3.5 /5,56,Domlur,Bar,"Seafood, Mexican, Continental, Finger Food",₹ 350.00
Quench Bar,No,No,3.5 /5,108,Domlur,Quick Bites,"Chinese, North Indian",₹ 250.00
Lakshmi Bhog Sweets and Snacks,Yes,No,3.4 /5,6,CV Raman Nagar,Quick Bites,North Indian,₹ 400.00
Sethji Home Made Food,Yes,No,2.9 /5,229,Indiranagar,Quick Bites,"Street Food, American",₹ 400.00
Wow Vada Pav,Yes,No,3.3 /5,27,Indiranagar,"Bakery, Quick Bites","Bakery, Desserts, Sandwich",₹ 500.00
The French Loaf,Yes,No,3.7 /5,137,Indiranagar,Mess,"Andhra, Biryani, Chinese",₹ 350.00
Andhra Mess,Yes,No,3.5 /5,129,Domlur,Quick Bites,"Rolls, North Indian, Fast Food",₹ 500.00
Tayabbs,Yes,No,2.9 /5,739,Indiranagar,Quick Bites,"Kerala, South Indian",₹ 500.00
Achayyan's,Yes,No,3.3 /5,410,Indiranagar,Casual Dining,Andhra,₹ 350.00
Banana Leaf,No,No,3.6 /5,12,Domlur,"Beverage Shop, Quick Bites","Beverages, Fast Food",₹ 600.00
Drunken Monkey,Yes,No,3.3 /5,14,CV Raman Nagar,Quick Bites,"North Indian, Chinese, Arabian",₹ 550.00
Hotel Hyperdine,Yes,No,3.3 /5,66,Indiranagar,Cafe,"Cafe, Fast Food",₹ 300.00
Raenss Cafe,Yes,No,3.3 /5,128,Indiranagar,Casual Dining,"Chinese, North Indian, Momos",₹ 500.00
Chinese Fire Dragon,No,No,3.4 /5,25,Domlur,Food Court,North Indian,₹ 100.00
Punjab Bistro,Yes,No,3.5 /5,16,CV Raman Nagar,Quick Bites,"North Indian, Biryani, Chinese",₹ 350.00
Walnut Kitchen,No,No,3.4 /5,10,Domlur,Beverage Shop,"Beverages, Juices",₹ 600.00
The Cool Zone,No,No,3.1 /5,0,Domlur,Casual Dining,"North Indian, South Indian",₹ 300.00
All Seasons Restaurants,No,No,3.4 /5,0,Indiranagar,Quick Bites,"Biryani, South Indian",₹ 500.00
Swagath Authentic Nati Style,Yes,No,3.0 /5,0,Indiranagar,Quick Bites,"Chinese, Momos",₹ 500.00
Momo Rice Noodles,Yes,No,3.2 /5,87,Domlur,Quick Bites,"North Indian, Chinese, Fast Food",₹ 450.00
Rajan's Cafe,No,No,3.0 /5,79,Domlur,Quick Bites,"Healthy Food, Sandwich, Salad","₹ 1,400.00"
Subway,Yes,No,3.1 /5,261,Indiranagar,Quick Bites,Pizza,₹ 500.00
Sbarro,No,No,3.1 /5,16,Domlur,Casual Dining,"North Indian, South Indian, Chinese, Fast Food, Beverages, Desserts, Street Food",₹ 250.00
New Shanthi Sagar,No,No,3.4 /5,119,Domlur,Cafe,Cafe,₹ 200.00
Origin Espresso Bar,No,No,3.2 /5,0,Domlur,Casual Dining,"Asian, Thai",₹ 400.00
One Night In Bangkok,No,No,3.9 /5,0,Indiranagar,Cafe,"Cafe, Italian, Tex-Mex, Fast Food, Burger",₹ 250.00
Cross Roads Cafe,No,No,3.5 /5,59,Indiranagar,Quick Bites,"Kerala, South Indian","₹ 1,100.00"
Sree Vinayaka Puttukada,No,No,3.4 /5,0,Indiranagar,Quick Bites,South Indian,₹ 600.00
Chai & Kadi,No,No,3.9 /5,33,Indiranagar,Food Truck,"American, Mexican",₹ 300.00
Amexicano,No,No, ('Rated 3.5',31,East Bangalore,Casual Dining,North Indian,"₹ 1,200.00"
Allahabadi Tadaka,No,No,3.5 /5,47,Domlur,Casual Dining,North Indian,₹ 200.00
Avanti Indian Barbeque & Grill,No,No,2.8 /5,46,Domlur,"Cafe, Dessert Parlor","Cafe, Desserts, Beverages, Italian",₹ 600.00
Melting Spot,No,No,3.1 /5,134,Indiranagar,Quick Bites,Fast Food,₹ 400.00
Lazer Castle,No,No,02-May,28,Indiranagar,"Casual Dining, Bar","South Indian, North Indian, Continental, European",₹ 300.00
re:cess - Hilton Bangalore Embassy GolfLinks,No,Yes,3.6 /5,146,Domlur,Quick Bites,"Chinese, North Indian",₹ 300.00
SLV Andhra Mess,Yes,No,3.2 /5,6,Domlur,Casual Dining,"North Indian, Chinese",₹ 150.00
Taste Of Nawaab's,No,No, ('Rated 2.5',22,Domlur,"Cafe, Dessert Parlor","Cafe, American, Italian, Continental",₹ 200.00
Cafe Velvette,No,No,NEW,11,Domlur,Cafe,Cafe,₹ 150.00
Barista,No,No,NEW,12,CV Raman Nagar,Mess,Andhra,₹ 250.00
7 Hills Andhra Mess,No,No,NEW,8,CV Raman Nagar,Cafe,"Cafe, Fast Food",₹ 300.00
Hot Spot Cafe,No,No,4.4 /5,17,Domlur,Quick Bites,Fast Food,₹ 350.00
Five Star Chicken,Yes,No,03-May,0,Domlur,Quick Bites,"North Indian, Chinese",₹ 200.00
Dal Chawal Roti,No,No, ('Rated 2.0',10,Indiranagar,Quick Bites,Street Food,₹ 500.00
Saka Eatery Outlet,Yes,No,4.0 /5,42,Indiranagar,Food Court,South Indian,₹ 300.00
Indian Masala House,No,No,3.9 /5,0,CV Raman Nagar,Quick Bites,Biryani,₹ 300.00
Biryani Point,No,No, ('Rated 5.0',0,Domlur,Quick Bites,"Kerala, South Indian",₹ 100.00
Malabar Cafe,No,No,3.9 /5,0,Indiranagar,Quick Bites,"Fast Food, Rolls",₹ 300.00
Kolkata Rolls & Hot Dum Biriyani On Dial,Yes,No,,22,Indiranagar,"Bakery, Cafe","Bakery, Cafe",₹ 400.00
Breadworks,Yes,No,3.2 /5,48,Indiranagar,Food Court,Hyderabadi,₹ 200.00
Waah Chef,No,No,4.2 /5,4,CV Raman Nagar,Quick Bites,"North Indian, Chinese",₹ 250.00
Dine @ 9 Paratha Corner,No,No,3.9/5,33,Indiranagar,Quick Bites,South Indian,₹ 600.00
Suvaai Restaurant,Yes,No,4.1,11,Indiranagar,Quick Bites,"North Indian, Biryani","₹ 1,000.00"
Sai Donne Biryani,Yes,No, ('Rated 4.0',9,Indiranagar,Quick Bites,North Indian,₹ 150.00
Paisa Vasool,Yes,No,4.3 /5,8,Domlur,Quick Bites,"Juices, Desserts, Fast Food",₹ 200.00
New Udupi Fresh Juice Centre,No,No,,9,CV Raman Nagar,Quick Bites,"South Indian, North Indian, Seafood",₹ 300.00
Neer Dose Fish Land,No,No, ('Rated 5.0',8,Domlur,Cafe,"Cafe, Continental",₹ 400.00
C-harge by Chefkraft,No,No,,7,Indiranagar,Bar,"North Indian, Chinese",₹ 200.00
H3O,No,No,4.3 /5,11,Indiranagar,Beverage Shop,"Juices, Beverages",₹ 200.00
Bery's Cafe,No,No,,0,Indiranagar,Quick Bites,"Biryani, Hyderabadi",₹ 100.00
Bismillah Ambur Biryani,No,No,,0,Indiranagar,Food Court,"Fast Food, Beverages",₹ 250.00
Get Ur Fix,No,No,,0,CV Raman Nagar,Quick Bites,"North Indian, Chinese, Biryani",₹ 200.00
Desi Bites,No,No,4.0 /5,0,CV Raman Nagar,Food Court,Rolls,₹ 200.00
Rufi's Kati Roll,No,No,4.3 /5,0,Domlur,Quick Bites,"South Indian, Street Food",₹ 200.00
Santruptii Sagar,No,No,4.0 /5,0,CV Raman Nagar,Quick Bites,Biryani,₹ 150.00
New Ambur Hot Dum Biryani,No,No,4.1 /5,0,Indiranagar,Quick Bites,South Indian,₹ 500.00
Nimma Mane,No,No,,0,Domlur,Quick Bites,"Salad, Greek, Mediterranean",₹ 500.00
Yum Tum,No,No,,7,Domlur,Quick Bites,"Fast Food, Desserts, Beverages",₹ 250.00
Ice Cubes,No,No,4.0 /5,16,Indiranagar,Quick Bites,Fast Food,₹ 250.00
Unique Brew Cafe Resto,No,No,3.9 /5,0,Indiranagar,Quick Bites,"Biryani, Kebab",₹ 200.00
Lazzat Biriyani,No,No,3.7 /5,0,Domlur,Quick Bites,"North Indian, South Indian",₹ 400.00
Indian Spicy Food,No,No,4.2 /5,4,Old Madras Road,Quick Bites,"Biryani, Beverages",₹ 300.00
Juice Planet Food Corner,No,No,4.0 /5,0,Domlur,Quick Bites,"North Indian, Chinese, Rolls",₹ 300.00
New Khaayaal's Restaurant,No,No,4.1 /5,106,CV Raman Nagar,Food Court,"Lebanese, Mughlai, North Indian",₹ 400.00
Sizzling Tandoor,No,No,3.9 /5,5,Domlur,Quick Bites,"Fast Food, Juices",₹ 150.00
King Burger Cafeteria,No,No,3.9 /5,11,Indiranagar,Quick Bites,South Indian,₹ 200.00
Sri Lakshmi Darshini Canteen,No,No,3.9 /5,0,Indiranagar,Quick Bites,Chinese,₹ 300.00
Tasty Momos,No,No,3.8 /5,0,Indiranagar,Quick Bites,"Mughlai, North Indian",₹ 250.00
Brindhavanam Refreshment,No,No,2.4 /5,0,Indiranagar,Quick Bites,Andhra,₹ 300.00
Sri Sai Ganesh Andhra Mess,No,No,4.0 /5,0,Indiranagar,Quick Bites,"Biryani, North Indian",₹ 500.00
Best Biryani,No,No,3.1 /5,0,Indiranagar,Quick Bites,Chinese,₹ 200.00
Mini Wok,No,No,NEW,7,Thippasandra,Quick Bites,Rolls,₹ 200.00
Kolkata Famous Kati Roll,No,No,NEW,0,Domlur,Quick Bites,"Biryani, North Indian",₹ 300.00
Bismilla Vaniyambadi Biriyani,No,No,4.3 /5,0,Domlur,Quick Bites,"Seafood, Fast Food",₹ 200.00
FNC Seafood,No,No,4.1 /5,5,Domlur,Quick Bites,"North Indian, Fast Food, Street Food",₹ 300.00
Chowpatty,Yes,No,3.8 /5,929,Indiranagar,Quick Bites,"North Indian, Chinese",₹ 600.00
Punjabi's Food Corner,Yes,No,4.6 /5,89,CV Raman Nagar,Quick Bites,Kerala,₹ 600.00
Hotel Devanand Kerala Restaurant,Yes,No, ('Rated 2.0',94,CV Raman Nagar,Quick Bites,"North Indian, Chinese, Biryani, Fast Food",₹ 500.00
Eggzotic,No,No,4.0 /5,391,Domlur,Quick Bites,South Indian,₹ 250.00
Domlur Cafe,No,No,3.9 /5,0,Domlur,Quick Bites,"Fast Food, Lebanese","₹ 2,100.00"
Chai Masthi,Yes,No,4.1 /5,10,Domlur,Quick Bites,"North Indian, Chinese","₹ 1,300.00"
Punjabi Dhaba,Yes,No,3.2 /5,53,Indiranagar,Quick Bites,"Biryani, Chinese","₹ 1,500.00"
Venus Biryani,Yes,No,4.3 /5,149,Domlur,Quick Bites,Kerala,"₹ 1,800.00"
Kerala Mess,No,No,,36,Indiranagar,Casual Dining,"Andhra, Biryani","₹ 1,000.00"
Bharanis,No,No,,18,Domlur,Quick Bites,"Pizza, Italian","₹ 1,800.00"
Pizza Stop,Yes,No,4.6 /5,166,Domlur,Quick Bites,Fast Food,"₹ 2,400.00"
Bat Chef,Yes,No, highly recommended.,27,Indiranagar,Quick Bites,"South Indian, North Indian, Street Food","₹ 3,000.00"
Shiv Sagar,No,No, 'Rated 4.0',0,Domlur,Casual Dining,"European, Italian, Seafood, Continental","₹ 1,800.00"
Sunny's,No,No,00-Jan,0,Indiranagar,Pub,"Finger Food, Salad, Chinese, Continental",₹ 600.00
Watson's,Yes,No,4.3 /5,0,Indiranagar,"Bar, Casual Dining","Continental, Asian, Italian, North Indian","₹ 1,400.00"
1131 Bar + Kitchen,No,Yes,4.3/5,2861,Indiranagar,"Pub, Microbrewery","American, Continental, North Indian, Mediterranean","₹ 2,000.00"
Big Pitcher,No,Yes,4.2/5,9300,Old Airport Road,"Bar, Casual Dining","Continental, Burger, Italian, Pizza, North Indian, Chinese, Finger Food","₹ 1,500.00"
Boozers Bar & Kitchen,No,No,4.4/5,700,Indiranagar,Bar,Finger Food,"₹ 1,400.00"
CloudNYN - Sterling Mac Hotel,No,No,4.3 /5,417,Old Airport Road,Bar,"Chinese, Continental","₹ 1,300.00"
Jeff's - Royal Orchid Hotel,No,No,4.2 /5,80,Old Airport Road,"Club, Casual Dining","European, Spanish, Continental, Italian","₹ 1,400.00"
XU,No,Yes,4.1 /5,433,Old Airport Road,Lounge,Finger Food,"₹ 1,300.00"
Library Bar - The Leela Palace,No,No,3.4/5,109,Old Airport Road,Lounge,Continental,"₹ 1,300.00"
WAT Bar - Sterlings MAC Hotel,No,No,4.0 /5,47,Old Airport Road,"Casual Dining, Bar","North Indian, Fast Food","₹ 1,400.00"
Night Booze,No,No,4.0 /5,8,Thippasandra,"Microbrewery, Pub","North Indian, Continental, Chinese","₹ 1,000.00"
Vapour Pub & Brewery,No,Yes,4.3 /5,6998,Indiranagar,"Bar, Casual Dining","Continental, Asian, Modern Indian","₹ 1,500.00"
Nevermind - Bar & Social,No,Yes,3.9 /5,221,Indiranagar,"Bar, Casual Dining","Continental, Finger Food",
The Black Rabbit,No,Yes,4.2 /5,4239,Indiranagar,"Bar, Casual Dining","Chinese, Continental, North Indian, Mexican","₹ 2,000.00"
Tipsy Bull - The Bar Exchange,No,Yes,4.0 /5,3173,Indiranagar,"Bar, Casual Dining","European, Continental, Asian, Finger Food","₹ 1,700.00"
BTDT? Been There Done That,No,Yes,4.0 /5,962,Indiranagar,"Bar, Casual Dining","Chinese, Continental, North Indian, Mexican","₹ 1,600.00"
Tipsy Bull - The Bar Exchange,No,Yes,3.4 /5,3173,Indiranagar,"Bar, Casual Dining","European, Continental, Asian, Finger Food","₹ 1,100.00"
BTDT? Been There Done That,No,Yes,4.2 /5,962,Indiranagar,Pub,"Russian, Continental, North Indian","₹ 1,100.00"
Tippler,No,Yes,3.8 /5,2946,Indiranagar,Pub,"American, Asian, European, North Indian","₹ 1,500.00"
Monkey Bar,Yes,No,3.7 /5,3890,Indiranagar,"Cafe, Casual Dining","Cafe, Italian, American","₹ 1,500.00"
Ciclo Cafe,Yes,No,4.1 /5,1332,Indiranagar,"Lounge, Casual Dining","Continental, Modern Indian","₹ 1,800.00"
 Lamb Racks,yes,yes,4.0 /5,,Indiranagar,Lounge,"Fast Food, European","₹ 1,100.00"
The Humming Tree,No,No,3.4 /5,2432,Indiranagar,"Pub, Microbrewery","Continental, North Indian, Finger Food","₹ 1,400.00"
Murphy's Brewhouse - The Paul Bangalore,No,Yes,3.0 /5,2039,Domlur,"Lounge, Cafe","Continental, Pizza, North Indian, Goan, Cafe","₹ 1,800.00"
Loveshack,No,Yes,2.9 /5,1808,Domlur,"Casual Dining, Pub","Continental, BBQ, Steak","₹ 1,200.00"
Plan B,No,No,3.7 /5,1699,Indiranagar,"Casual Dining, Bar","Italian, Seafood, American, Continental","₹ 1,300.00"
Jonah's,Yes,Yes,3.8/5,1857,Indiranagar,"Bar, Casual Dining","Thai, Chinese, North Indian, Continental, Steak","₹ 1,600.00"
Hangover,Yes,Yes,3.3 /5,1431,Indiranagar,"Pub, Casual Dining","Continental, North Indian, Chinese","₹ 1,000.00"
Sherlock's Pub,No,Yes,3.7 /5,739,Indiranagar,Bar,"American, North Indian, Chinese","₹ 1,000.00"
Jimi's Beer Cafe,No,Yes,3.9 /5,822,Indiranagar,Lounge,"Continental, Chinese, North Indian","₹ 1,300.00"
Xtreme Sports Bar,No,Yes,4.1 /5,1118,Indiranagar,"Pub, Casual Dining",Finger Food,"₹ 1,000.00"
Pecos Stones,No,Yes,3.7 /5,1096,Indiranagar,"Bar, Casual Dining","Continental, Chinese, Italian","₹ 1,600.00"
Bottle & Glass,No,Yes,3.5 /5,988,Indiranagar,Lounge,"Continental, Steak","₹ 1,300.00"
Bootlegger,No,Yes,3.8 /5,604,Indiranagar,Pub,"Chinese, Continental, American, Steak","₹ 1,300.00"
Blistering Barnacles,No,Yes,4.2 /5,1224,Indiranagar,"Pub, Casual Dining","Continental, South Indian, Mangalorean, Chinese, North Indian, Seafood","₹ 1,000.00"
Regulars Pub & Grub,No,Yes,3.3 /5,271,Indiranagar,Lounge,"North Indian, Chinese, Continental, Bengali","₹ 1,800.00"
Bflat Bar,No,Yes,3.9 /5,856,Indiranagar,"Casual Dining, Bar","Continental, Chinese, North Indian","₹ 1,000.00"
Head O State,No,Yes,3.5 /5,200,Indiranagar,Bar,"Chinese, European","₹ 1,400.00"
Knight Riders,No,No,3.5 /5,25,Domlur,Bar,"Seafood, Mexican, Continental, Finger Food","₹ 1,800.00"
Quench Bar,No,No,3.9 /5,108,Domlur,Bar,"North Indian, Chinese",₹ 900.00
H3O,No,No,3.9 /5,11,Indiranagar,"Bar, Casual Dining","Finger Food, Continental, North Indian, Fast Food",₹ 600.00
Inntense Restobar,No,Yes,,18,Indiranagar,Pub,"Finger Food, Salad, Chinese, Continental","₹ 1,000.00"
Watson's,Yes,No,4.1 /5,44,Indiranagar,"Bar, Casual Dining","Continental, Burger, Italian, Pizza, North Indian, Chinese, Finger Food","₹ 1,400.00"
Boozers Bar & Kitchen,No,No,0,700,Indiranagar,Bar,"Continental, North Indian, Italian","₹ 2,000.00"
Agent Jack's Bar,No,Yes,3.0/5,597,Indiranagar,"Casual Dining, Bar","North Indian, Chinese, Mangalorean","₹ 1,200.00"
Swing,No,Yes,4.2 /5,205,Indiranagar,"Pub, Microbrewery","American, Continental, North Indian, Mediterranean","₹ 1,500.00"
Big Pitcher,No,Yes,4.1 /5,9300,Old Airport Road,Bar,Finger Food,"₹ 1,500.00"
CloudNYN - Sterling Mac Hotel,No,No,3.8 /5,417,Old Airport Road,"Casual Dining, Bar","Chinese, Continental, North Indian, South Indian, Arabian","₹ 2,500.00"
20 Char - Sterlings MAC Hotel,No,Yes,2.6 /5,427,Old Airport Road,Bar,"Chinese, Continental","₹ 1,300.00"
Jeff's - Royal Orchid Hotel,No,No,4.5/5,80,Old Airport Road,"Casual Dining, Pub",Continental,"₹ 1,500.00"
Hello Resto-Pub,Yes,Yes,4.2 /5,348,Old Airport Road,"Casual Dining, Bar","North Indian, Fast Food","₹ 1,300.00"
Night Booze,No,No,4.0/5,8,Thippasandra,"Bar, Casual Dining","South Indian, Finger Food","₹ 1,400.00"
Bob's Bar,No,No,4.0/5,548,Indiranagar,"Microbrewery, Pub","North Indian, Continental, Chinese","₹ 1,300.00"
Nevermind - Bar & Social,No,Yes,3.6/5,221,Indiranagar,"Casual Dining, Bar","Japanese, Sushi, Asian",₹ 800.00
The Fatty Bao - Asian Gastro Bar,Yes,No,4.0/5,3823,Indiranagar,"Bar, Casual Dining","Continental, Finger Food","₹ 1,100.00"
The Black Rabbit,No,Yes,,4239,Indiranagar,"Bar, Casual Dining","Continental, Asian, Italian, North Indian","₹ 1,100.00"
1131 Bar + Kitchen,No,Yes,4.5 /5,2861,Indiranagar,"Fine Dining, Bar","Modern Indian, European, American","₹ 1,500.00"
Sly Granny - The Community House,No,Yes,4.0/5,980,Indiranagar,"Bar, Casual Dining","European, Continental, Asian, Finger Food","₹ 1,500.00"
BTDT? Been There Done That,No,Yes,4.0/5,962,Indiranagar,"Casual Dining, Bar","North Indian, Mughlai, Desserts","₹ 1,800.00"
Dhaba - Estd 1986 Delhi,Yes,Yes, Rated 3.0',1526,Indiranagar,Pub,"Russian, Continental, North Indian","₹ 1,100.00"
Tippler,No,Yes,4.5 /5,2946,Indiranagar,Pub,"American, Asian, European, North Indian","₹ 1,400.00"
Monkey Bar,Yes,No, 4.0/5,3890,Indiranagar, we were seated at the dark shady looking top floor but on our insisting, we can only taste basil in our Mexican pizza which was also a letdown. \n\nThe service,₹ 600.00
Murphy's Brewhouse - The Paul Bangalore,No,Yes,4.0/5,2039,Domlur,"Casual Dining, Bar","Andhra, Biryani, North Indian, Chinese",₹ 250.00
Nandhana Palace,No,Yes,4.4 /5,957,Indiranagar,"Casual Dining, Pub","Continental, BBQ, Steak",₹ 200.00
Plan B,No,No,4.05,1699,Indiranagar,"Casual Dining, Bar","Italian, Seafood, American, Continental",₹ 300.00
Jonah's,Yes,Yes,4.2 /5,1857,Indiranagar,"Bar, Casual Dining","Thai, Chinese, North Indian, Continental, Steak",₹ 800.00
Hangover,Yes,Yes,4.0/5,1431,Indiranagar,"Pub, Casual Dining","Continental, North Indian, Chinese",₹ 250.00
Sherlock's Pub,No,Yes,4.0/5,739,Indiranagar,"Bar, Casual Dining","Continental, Burger, Italian, Pizza, North Indian, Chinese, Finger Food","₹ 1,000.00"
Boozers Bar & Kitchen,No,No,4.3 /5,700,Indiranagar,Bar,"American, North Indian, Chinese",₹ 300.00
Jimi's Beer Cafe,No,Yes,4.0/5,822,Indiranagar,"Pub, Casual Dining",Finger Food,₹ 300.00
Pecos Stones,No,Yes,4.0/5,1096,Indiranagar,"Bar, Casual Dining","Continental, Chinese, Italian",₹ 600.00
Bottle & Glass,No,Yes,4.0/5,988,Indiranagar,Cafe,Cafe,₹ 400.00
Cafe Centralis,Yes,No,4.2 /5,114,New BEL Road,Quick Bites,Rolls,₹ 300.00
Kolkata Kati Roll,Yes,No,4.2 /5,14,Sahakara Nagar,Quick Bites,"Desserts, Ice Cream",₹ 350.00
Churn,Yes,No,4.2 /5,58,New BEL Road,Quick Bites,"Fast Food, Rolls",₹ 400.00
Kolkata Famous Kati Rolls,Yes,No,4.0/5,79,Hebbal,Quick Bites,"North Indian, Fast Food, Chinese, Beverages","₹ 1,100.00"
The Street Kitchen,Yes,No,4.0/5,16,New BEL Road,Cafe,"Cafe, Continental",₹ 800.00
Plated,Yes,Yes,4.6/5,554,New BEL Road,Dessert Parlor,"Ice Cream, Desserts",₹ 300.00
Baskin Robbins,Yes,No, 2/5,34,New BEL Road,"Casual Dining, Cafe","Continental, European, Mediterranean, Cafe, Steak",₹ 450.00
Peppermill Bistro,Yes,Yes,4.2 /5,868,New BEL Road,"Takeaway, Delivery","Fast Food, Beverages, Desserts",₹ 200.00
Yumjar,Yes,No,4.0 /5,9,Sahakara Nagar,Quick Bites,"North Indian, Chinese",₹ 200.00
Tandoori Delight,Yes,No,NEW,46,New BEL Road,Casual Dining,"South Indian, North Indian, Chinese",₹ 150.00
Ootada Mane,Yes,No,4.1 /5,67,Yeshwantpur,Cafe,"Cafe, Beverages, Healthy Food",₹ 600.00
Cafe Poetry,Yes,No,4.2 /5,55,New BEL Road,"Takeaway, Delivery","Desserts, Beverages",₹ 800.00
Sweetie Celebrations Cafe,Yes,No, 4.0/5,0,New BEL Road,Quick Bites,Andhra,₹ 200.00
Rabbit Paradise,Yes,No,4.1 /5,4,Sahakara Nagar,Pub,Fast Food,₹ 400.00
Khan Saheb Grills and Rolls,Yes,No,4.1 /5,114,New BEL Road,Cafe,"Continental, Burger, Italian, Pizza, North Indian, Salad",₹ 400.00
B1,Yes,Yes,3.9 /5,123,New BEL Road,Quick Bites,"Cafe, Italian, Continental, Beverages","₹ 1,200.00"
Ember The Calabash,Yes,No,3.9 /5,670,New BEL Road,Bakery,"North Indian, Chinese, Arabian",₹ 600.00
Chaska Inn,Yes,No,4.0 /5,0,New BEL Road,Quick Bites,Bakery,₹ 300.00
Chef Baker's,Yes,No,4.0 /5,0,New BEL Road,Quick Bites,"North Indian, Biryani, Charcoal Chicken","₹ 2,000.00"
Chef Kitchen,Yes,No,4.2 /5,19,New BEL Road,Beverage Shop,"South Indian, Street Food","₹ 2,000.00"
Hatti Kaapi,Yes,No,2.0 /5,0,New BEL Road,Cafe,Beverages,"₹ 1,700.00"
Big Straw Blast,Yes,No,4.0 /5,6,Sahakara Nagar,Casual Dining,"Cafe, European, Continental","₹ 1,500.00"
The Rich Crust,Yes,No,3.9 /5,43,Sahakara Nagar,Quick Bites,"Andhra, Biryani, North Indian, Chinese","₹ 1,500.00"
Nandhana Palace,No,No,3.9 /5,1282,New BEL Road,Quick Bites,"South Indian, North Indian, Chinese","₹ 2,800.00"
Sunaina Sapice,Yes,No,3.7 /5,7,New BEL Road,"Bakery, Cafe","Pizza, Fast Food","₹ 3,000.00"
Domino's Pizza,Yes,No,4.0 /5,257,New BEL Road,Casual Dining,"Bakery, Cafe, Desserts","₹ 3,000.00"
The Crust Factory,Yes,No,3.6 /5,11,Yeshwantpur,Cafe,"North Indian, BBQ","₹ 1,500.00"
Sholay - The Barbeque,Yes,Yes,4.0 /5,45,New BEL Road,Quick Bites,"Cafe, North Indian, Chinese, Fast Food","₹ 1,500.00"
Cafe Mandala,Yes,No,3.9 /5,48,New BEL Road,"Microbrewery, Casual Dining","South Indian, Biryani","₹ 2,500.00"
Cubbonpete Donne Biryani,Yes,No,4.0/5,92,Sahakara Nagar,Club,Modern Indian,"₹ 2,000.00"
Alchemy - The Chancery Pavilion,No,Yes,3.8 /5,485,Residency Road,Lounge,"Chinese, Continental, North Indian","₹ 3,000.00"
NoLimmits Lounge and Club,Yes,Yes,3.5 /5,2169,Brigade Road,"Pub, Casual Dining","Asian, North Indian, Thai","₹ 3,000.00"
The 13th Floor,No,Yes,2.9 /5,4611,MG Road,"Casual Dining, Pub","Continental, Chinese, Finger Food, North Indian",
SkyDeck By Sherlock's,No,Yes,3.5 /5,1461,MG Road,Club,"North Indian, Pizza, Chinese","₹ 1,500.00"
Smaaash,No,Yes,3.6 /5,549,MG Road,Lounge,Continental,"₹ 1,500.00"
Ice - Taj MG Road Bengaluru,No,Yes,3.7 /5,613,MG Road,"Lounge, Bar","North Indian, Chinese, Mediterranean","₹ 1,500.00"
i-Bar - The Park Bangalore,No,No,3.3 /5,623,MG Road,"Casual Dining, Bar","North Indian, Mediterranean, Chinese",₹ 500.00
Aqua - The Park Bangalore,No,Yes,4.7 /5,195,MG Road,"Casual Dining, Bar","Continental, Chinese","₹ 2,500.00"
Mighty Small,No,No, 4.0/5,259,MG Road,"Microbrewery, Casual Dining","Thai, Continental, North Indian",₹ 800.00
White Plate,No,Yes,3.4/5,261,MG Road,Lounge,"Continental, BBQ, Salad","₹ 1,700.00"
Communiti,No,No,4.3/5,4021,Residency Road,"Pub, Microbrewery",Continental,"₹ 1,700.00"
Skyye,No,Yes,4.1 /5,3133,Lavelle Road,Fine Dining,"American, Continental","₹ 1,200.00"
Arbor Brewing Company,No,Yes,4.3 /5,8413,Brigade Road,"Fine Dining, Lounge","Asian, Japanese, Thai","₹ 1,300.00"
Kaza,No,Yes,2.9/5,888,Lavelle Road,Fine Dining,"Japanese, Asian","₹ 1,300.00"
Shiro,Yes,Yes,3.8/5,2242,Lavelle Road,"Casual Dining, Bar"," all I've to say is that the experience more than makes up for it."""")","₹ 1,700.00"
The Permit Room,No,No,,1602,Brigade Road,"Casual Dining, Microbrewery","Asian, Continental, European, North Indian","₹ 1,500.00"
ShakesBierre,No,Yes,4.2 /5,371,Brigade Road, chowmein,Modern Indian,"₹ 1,900.00"
Farzi Cafe,No,No,4.4 /5,2428,Lavelle Road,"Casual Dining, Bar", ('Rated 5.0',"₹ 1,300.00"
Hard Rock Cafe,No,Yes,2.6 /5,5284,St. Marks Road,"Casual Dining, Bar", the happy hour menu is quite attractive. I have personally tried everything on that and definitely suggest Red hot chilli fries. I also tried the burger here,"₹ 1,300.00"
MISU,Yes,Yes, Rated 5.,1250,St. Marks Road,"Casual Dining, Bar","Continental, Italian","₹ 3,000.00"
Bangalore Brew Works,No,Yes,4.2 /5,2233,Residency Road,"Casual Dining, Irani Cafee","Healthy Food, Mediterranean, Desserts, Italian, Pizza, Salad, Kebab","₹ 1,100.00"
Fava,No,Yes,,2054,Lavelle Road,"Pub, Casual Dining","Parsi, North Indian","₹ 1,200.00"
Soda Bottle Opener Wala,Yes,Yes,4.5 /5,3712,Lavelle Road,"Pub, Microbrewery","Continental, Chinese, North Indian, Finger Food","₹ 1,400.00"
The Bar Stock Exchange,No,No,4.5 /5,643,St. Marks Road,"Microbrewery, Casual Dining","Continental, BBQ, Finger Food",
The Biere Club,Yes,Yes,,3496,Lavelle Road,Lounge,Modern Indian,"₹ 1,100.00"
Alchemy - The Chancery Pavilion,No,Yes,4.5 /5,485,Residency Road,"Bar, Casual Dining","Mexican, Tex-Mex","₹ 1,000.00"
Sanchez,No,No,3.9/5,1050,Lavelle Road,Lounge,Modern Indian,"₹ 1,500.00"
RockSalt,Yes,Yes, 'Rated 5.0',498,St. Marks Road,"Casual Dining, Bar","Continental, Mediterranean, European","₹ 1,000.00"
Hoppipola,No,No,3.9 /5,1721,Church Street,Pub,"North Indian, Chinese, Continental, Italian","₹ 1,600.00"
Tree Tops Bar & Kitchen,No,Yes,4.0 /5,133,Lavelle Road,Pub,"Finger Food, North Indian","₹ 1,200.00"
Watson's,No,Yes,4.1 /5,1430,Ulsoor,Lounge,"American, North Indian, Chinese","₹ 1,200.00"
Drinks & nightlife,MG Road,Yes,4.3 /5,261,Brigade Road,"Bar, Casual Dining",Finger Food,"₹ 1,100.00"
The Barn - Bar & Kitchen,No,Yes,4.4 /5,479,Residency Road,"Bar, Casual Dining","Finger Food, Continental","₹ 2,000.00"
Aquila,Drinks & nightlife,Yes,4.5 /5,2272,Church Street,"Casual Dining, Bar","Mediterranean, Italian, Asian","₹ 1,100.00"
Bang - The Ritz-Carlton,No,No,4.4 /5,300,St. Marks Road, ('Rated 3.0',"European, North Indian, Mediterranean, Asian, Salad","₹ 1,000.00"
Easy Tiger,No,Yes,4.2 /5,2291,St. Marks Road,Pub,,"₹ 2,000.00"
Capri Gastrobar,No,Yes,4.2 /5,,MG Road,"Casual Dining, Bar","Continental, Italian, Burger","₹ 2,000.00"
The Open Box,Yes,No,4.2 /5,1345,Church Street,"Pub, Casual Dining","American, Continental, Steak, Salad","₹ 1,500.00"
Russh Gastropub,No,Yes,3.3/5,0,Ulsoor,"Bar, Casual Dining","Continental, Chinese, Fast Food",₹ 600.00
20 Feet High,Yes,No,4.0/5,102,Residency Road,"Casual Dining, Bar","Finger Food, Continental, Pizza","₹ 1,000.00"
Copacabana Pub,Yes,Yes,4.2 /5,409,Brigade Road,Pub,"South Indian, Chettinad, Kerala, Seafood","₹ 1,000.00"
Amber Rush Restobar,No,Yes,4.3 /5,684,Church Street,"Pub, Casual Dining","Continental, Steak","₹ 2,000.00"
Laughing Llama Gastropub,Yes,Yes,4.2 /5,1545,Lavelle Road,Bar,Finger Food,"₹ 1,700.00"
Coconut Grove,No,No,4.0 /5,558,Brigade Road,Pub,Finger Food,"₹ 1,500.00"
Bootlegger,No,Yes,NEW,23,Richmond Road,Bar,"North Indian, Chinese","₹ 2,500.00"
Pecos Classic,No,No,4.1 /5,952,Brigade Road,Bar,"North Indian, Chinese, Fast Food","₹ 2,400.00"
My Space - WelcomeHotel Bengaluru,No,No,4.2 /5,516,Residency Road,Bar,"Continental, Chinese","₹ 1,400.00"
Guzzlers Inn,No,No,4.0/5,1218,Brigade Road,Lounge,"Finger Food, Mediterranean, North Indian","₹ 2,200.00"
Chin Lung Resto Bar,No,No,0,38,Richmond Road,Pub,Finger Food,"₹ 1,900.00"
Le Rock,Yes,No,4.2/5,397,Brigade Road,Bar,"Finger Food, Continental, Asian, North Indian","₹ 1,000.00"
Fuel Resto Bar,No,No,4.1 /5,749,Church Street,"Bar, Casual Dining",Finger Food,₹ 800.00
Fusion Lounge,No,Yes,4.1 /5,190,St. Marks Road,Pub,"Italian, North Indian, Continental",₹ 700.00
Chugg,No,No,4.1 /5,235,Langford Town,Lounge,"North Indian, Continental","₹ 1,000.00"
Scottish Pub,No,No,4.1 /5,298,Residency Road,Lounge,Finger Food,"₹ 1,200.00"
ThrowBack - Pub & Dine,No,No,3.9 /5,95,Residency Road,Lounge,Finger Food,"₹ 1,000.00"
Downtown,No,No,3.9 /5,45,Residency Road,Lounge,Finger Food,"₹ 1,300.00"
The Ritz-Carlton Bar - The Ritz-Carlton,No,No,4.0 /5,64,Ulsoor,Lounge,Spanish,"₹ 2,500.00"
Sphyre - Gateway Hotel,No,Yes,4.0 /5,73,Lavelle Road,Bar,"Finger Food, Continental, Chinese","₹ 1,200.00"
Slounge - Lemon Tree Premier,No,No,4.1 /5,100,Ulsoor,Bar,"North Indian, Chinese",
Bar UNO - JW Marriott Bengaluru,No,Yes,4.2 /5,110,Ulsoor,"Bar, Casual Dining","Finger Food, Fast Food, Continental","₹ 1,300.00"
Liquid Lounge - Hyatt Centric MG Road,No,Yes,4.3 /5,29,Richmond Road,"Bar, Cafe","Bar Food, North Indian","₹ 1,300.00"
Retro Lounge Bar,No,No,0,24,Brigade Road,Bar,"Continental, Cafe","₹ 1,200.00"
The Hub - Ibis Hotel,No,No,4.4 /5,0,Church Street,Bar,"North Indian, Chinese, Finger Food",
Flame Pub & Restaurant - Brigade Garden,No,No,4.2 /5,14,Residency Road,Bar,"South Indian, North Indian","₹ 1,500.00"
Rasta,No,No,4.0 /5,11,Shivajinagar,Lounge,"American, Finger Food","₹ 1,000.00"
Page 3 Multicuisine Restaurant & Bar,No,No,3.9 /5,0,Lavelle Road,Bar,"North Indian, Continental","₹ 1,500.00"
MM Bar & Restaurant,No,No,3.9 /5,11,St. Marks Road,"Pub, Cafe","Chinese, North Indian","₹ 2,000.00"
Manhattan,No,No,3.1 /5,4,Residency Road,"Casual Dining, Bar","North Indian, Thai, Japanese, Continental, Cafe","₹ 1,800.00"
Luscious - St. Mark's Hotel,No,No,2.5/5,4840,Cunningham Road,"Casual Dining, Pub","Asian, Japanese, Thai, Malaysian, Vietnamese, Korean, Chinese","₹ 1,000.00"
The Charlton Bar,No,Yes,3.5 /5,606,Infantry Road,,"American, Finger Food, BBQ, Steak","₹ 3,000.00"
Hammered,Yes,Yes,3.8 /5,2030,Shanti Nagar,Lounge, but the chicken wings,"₹ 1,500.00"
1Q1,No,No,3.9 /5,,,"Bar, Casual Dining","North Indian, Mughlai, Mediterranean","₹ 1,000.00"
Plan B,Yes,Yes,5,327,Cunningham Road,"Bar, Casual Dining","Continental, North Indian","₹ 2,000.00"
Eat & Drink,No,Yes,2.9 /5,2721,Brigade Road, ('Rated 3.0',"Asian, Burger, Chinese, Finger Food","₹ 1,500.00"
Skylit - Citrus Hotels,No,Yes,3.5 /5,220,Residency Road,"Pub, Casual Dining", but the ambience kinda ruined the experience!'),"₹ 2,500.00"
Double Decker,No,Yes,3.6 /5,432,New BEL Road,"Pub, Casual Dining","Continental, Chinese, Finger Food, North Indian","₹ 1,700.00"
Sotally Tober,No,Yes,3.6 /5,1462,MG Road,"Casual Dining, Pub","Continental, Finger Food, Pizza, North Indian","₹ 1,200.00"
SkyDeck By Sherlock's,No,Yes,3.7 /5,549,MG Road,"Casual Dining, Bar",Asian,"₹ 1,000.00"
Bangalore Pub Exchange,No,Yes,3.3 /5,232,MG Road,Pub,"Kerala, Seafood","₹ 1,300.00"
Smaaash,No,Yes,4.7 /5,338,MG Road,"Lounge, Bar","North Indian, Chinese","₹ 2,100.00"
Fort Kochi,No,No,3.4/5,195,MG Road,"Casual Dining, Bar","Continental, Chinese","₹ 1,900.00"
WYT RestroPub,No,Yes,4.2 /5,259,MG Road,"Pub, Microbrewery","Thai, Continental, North Indian","₹ 1,700.00"
Aqua - The Park Bangalore,No,No, 2.0/5,261,MG Road,"Pub, Microbrewery","Finger Food, Continental","₹ 1,000.00"
Mighty Small,No,Yes,4.2 /5,10,MG Road,"Casual Dining, Bar","American, Continental","₹ 1,500.00"
White Plate,No,No,3.7 /5,8414,Brigade Road,"Casual Dining, Bar",South Indian,"₹ 1,300.00"
The Brew Witch Club,No,Yes,4.7 /5,1604,Brigade Road,"Casual Dining, Bar","American, BBQ","₹ 1,000.00"
Arbor Brewing Company,No,No,4.5 /5,5285,St. Marks Road,"Casual Dining, Bar","Asian, Japanese, Korean, Indonesian, Malaysian, Singaporean","₹ 1,100.00"
The Permit Room,No,Yes,4,1255,St. Marks Road,"Casual Dining, Bar","Healthy Food, Mediterranean, Desserts, Italian, Pizza, Salad, Kebab","₹ 1,200.00"
Hard Rock Cafe,No,Yes,4.2 /5,2054,Lavelle Road, Mochar Chop,"Bengali, Seafood","₹ 1,400.00"
MISU,Yes,Yes,4.0 /5,1135,Church Street,"Pub, Casual Dining", Smoked Hilsa. And we tried there signature cocktails kalboisakhi it was really tantalizing.\n\nIn main course we had,"₹ 1,100.00"
Fava,No,Yes,3.9 /5,781,MG Road,"Casual Dining, Bar","Continental, Chinese, North Indian, Finger Food","₹ 1,300.00"
Oh! Calcutta,Yes,no,4.4 /5,644,St. Marks Road,"Pub, Microbrewery","European, Italian, Seafood, Continental","₹ 1,000.00"
The Bar Stock Exchange,No,Yes,3.1 /5,3496,Lavelle Road,"Casual Dining, Bar",Modern Indian,"₹ 1,500.00"
Sunny's,No,Yes,4.0 /5,498,St. Marks Road,"Casual Dining, Bar",Chinese,"₹ 1,000.00"
The Biere Club,Yes,Yes,4.0 /5,1428,Church Street,Pub,"North Indian, Chinese, Continental, Italian","₹ 1,600.00"
RockSalt,Yes,Yes,3.9 /5,134,Lavelle Road,Pub,"American, North Indian, Chinese","₹ 1,200.00"
Mainland China,Yes,Yes,4.1 /5,260,Brigade Road,"Casual Dining, Bar","Finger Food, North Indian","₹ 1,200.00"
Tree Tops Bar & Kitchen,No,Yes,3.9 /5,1430,Ulsoor,"Bar, Casual Dining","North Indian, Mughlai","₹ 4,000.00"
The Barn - Bar & Kitchen,No,Yes,3.7 /5,337,Lavelle Road,"Bar, Casual Dining","Finger Food, Continental","₹ 1,200.00"
Pubs and bars,yes,Yes,3.2 /5,2272,Church Street,"Casual Dining, Bar","Mediterranean, Italian, Asian","₹ 1,100.00"
Watson's,No,No,3.0/5,300,St. Marks Road,Pub,"European, North Indian, Mediterranean, Asian, Salad","₹ 1,200.00"
Pubs and bars,yes,Yes,3.7 /5,2291,St. Marks Road,"Casual Dining, Bar","Continental, Italian, Burger",[]
The Spice Bazaar,No,Yes,3.7 /5,1347,Church Street,"Casual Dining, Bar","Chinese, Momos","₹ 2,000.00"
Easy Tiger,No,No,3.7 /5,509,Lavelle Road,"Casual Dining, Bar","Goan, Mangalorean, Pizza","₹ 1,100.00"
Capri Gastrobar,No,Yes,3.3 /5,986,Ulsoor,"Pub, Casual Dining","American, Continental, Steak, Salad","₹ 1,000.00"
The Open Box,Yes,Yes,3.3 /5,938,Church Street,Pub,"Mexican, Italian, Fast Food, North Indian","₹ 1,700.00"
Russh Gastropub,No,Yes,3.3 /5,0,Ulsoor,"Bar, Casual Dining","Continental, Chinese, Fast Food","₹ 2,000.00"
The Rice Bowl,Yes,No,2.8 /5,102,Residency Road,"Casual Dining, Bar","Finger Food, Continental, Pizza","₹ 2,000.00"
Carnival de Goa,Yes,Yes,4.0 /5,410,Brigade Road,"Casual Dining, Pub","South Indian, Chettinad, Kerala, Seafood","₹ 3,500.00"
20 Feet High,Yes,Yes,4.1 /5,684,Church Street,"Fine Dining, Bar","American, Continental, BBQ, Steak","₹ 1,300.00"
Copacabana Pub,Yes,Yes,4.2 /5,4445,Brigade Road,Pub,North Indian,"₹ 1,800.00"
Amber Rush Restobar,No,No,4.4 /5,275,Residency Road,"Pub, Casual Dining","Continental, Steak","₹ 1,100.00"
Laughing Llama Gastropub,Yes,Yes,3.9 /5,1545,Lavelle Road,"Casual Dining, Bar",Finger Food,₹ 600.00
Coconut Grove,No,No,4.0 /5,558,Brigade Road,Cafe,"American, Mexican, Italian, Steak","₹ 1,000.00"
Plan B,No,Yes,3.3 /5,771,Ulsoor,Bar,,"₹ 1,200.00"
Riwaz - The Ritz-Carlton,No,Yes,3.0 /5,,MG Road,Pub,Finger Food,"₹ 1,000.00"
Bootlegger,No,yes,3.2 /5,23,Richmond Road,Bar,"North Indian, Chinese","₹ 1,800.00"
Pecos Classic,No,No,3.5 /5,952,Brigade Road,"Casual Dining, Bar","North Indian, Chinese, Fast Food","₹ 1,400.00"
The Grill House,Yes,No,3.8 /5,516,Residency Road,Bar,North Indian,"₹ 1,300.00"
My Space - WelcomeHotel Bengaluru,No,No,4.0 /5,1219,Brigade Road,"Fine Dining, Bar","Finger Food, Mediterranean, North Indian","₹ 1,900.00"
Guzzlers Inn,No,No,3.8 /5,38,Richmond Road,"Casual Dining, Bar",Chinese,"₹ 1,000.00"
Chin Lung Resto Bar,No,No,4.0 /5,430,Residency Road,"Casual Dining, Bar","North Indian, Lucknowi",₹ 800.00
Puran da Dhaba - The Pride Hotel,Yes,Yes,4.1 /5,190,Shivajinagar,"Casual Dining, Bar",Japanese,₹ 700.00
Le Rock,Yes,Yes,3.5 /5,185,Lavelle Road,Pub,North Eastern,"₹ 1,000.00"
Fuel Resto Bar,No,Yes,4.2 /5,121,Lavelle Road,Bar,"Finger Food, Continental, Asian, North Indian",₹ 800.00
The Lantern Restaurant & Bar - The Ritz-Carlton...,No,No,4.0 /5,749,Church Street,"Bar, Casual Dining",Finger Food,"₹ 1,000.00"
Tiger Trail - Ramada Hotel,Yes,Yes,4.2 /5,190,St. Marks Road,"Casual Dining, Bar","Italian, North Indian, Continental","₹ 2,000.00"
Matsuri - The Chancery Hotel,No,No,3.8 /5,235,Langford Town,Pub,"North Indian, Continental, Chinese",₹ 950.00
EatWater,No,No,4.4 /5,122,Lavelle Road,"Casual Dining, Bar","North Indian, Continental","₹ 2,000.00"
Chugg,No,No,3.7 /5,298,Residency Road,Bar,"Asian, North Indian, Continental","₹ 1,300.00"
Scottish Pub,No,No,3.8 /5,56,Lavelle Road,"Casual Dining, Bar","North Indian, Chinese","₹ 2,500.00"
ThrowBack - Pub & Dine,No,No,3.7 /5,110,Ulsoor,Bar,"Mughlai, North Indian, Desserts","₹ 1,500.00"
South Parade - The Chancery Hotel,No,Yes,3.7 /5,94,Brigade Road,"Bar, Casual Dining","Finger Food, Fast Food, Continental","₹ 1,400.00"
Downtown,No,Yes,3.1 /5,29,Richmond Road,"Bar, Cafe","Bar Food, North Indian","₹ 1,100.00"
Atomic Lab,No,No,3.8 /5,24,Brigade Road,Bar,"Continental, Cafe","₹ 1,800.00"
Retro Lounge Bar,No,No,3.2 /5,0,Church Street,Bar,"North Indian, Chinese, Finger Food",₹ 900.00
Desi Deck,Yes,No,3.1 /5,14,Residency Road,Bar,"South Indian, North Indian",₹ 900.00
The Hub - Ibis Hotel,No,No,4.1 /5,11,Shivajinagar,"Casual Dining, Bar","American, Finger Food","₹ 1,200.00"
Flame Pub & Restaurant - Brigade Garden,No,No,3.4 /5,0,Lavelle Road,Bar,"Andhra, Chinese, North Indian",₹ 700.00
Rasta,No,No,3.9 /5,278,St. Marks Road,"Casual Dining, Bar","Chinese, North Indian",₹ 650.00
Page 3 Multicuisine Restaurant & Bar,No,Yes,3.7 /5,4,Residency Road,"Casual Dining, Bar","North Indian, Chinese, Continental",₹ 800.00
MM Bar & Restaurant,No,No,2.9 /5,15,Residency Road,Bar,"Biryani, South Indian, North Indian, Chinese, Mughlai",₹ 600.00
Manhattan,No,No,3.5 /5,16,Ulsoor,"Pub, Cafe","Finger Food, Continental, American, Chinese",₹ 600.00
Nandhini Paradise,No,No,3.5 /5,0,Ulsoor,"Casual Dining, Bar","North Indian, Thai, Japanese, Continental, Cafe",₹ 800.00
The Charlton Bar,No,No,3.9 /5,4841,Cunningham Road,"Casual Dining, Bar","Asian, Japanese, Thai, Malaysian, Vietnamese, Korean, Chinese",₹ 300.00
Amnesia - The Poolside Bar,No,Yes,4.0 /5,606,Infantry Road,"Bar, Casual Dining","Finger Food, North Indian","₹ 1,000.00"
Engine,No,Yes,3.8 /5,0,Infantry Road,Casual Dining,"Continental, Italian, North Indian",₹ 500.00
Roof Top Gastro Bar,No,No,4.0 /5,997,New BEL Road,"Casual Dining, Lounge","Chinese, Thai, Momos",₹ 900.00
Hammered,Yes,Yes,3.8 /5,820,New BEL Road,Casual Dining,"Continental, Asian, South Indian, North Indian",₹ 800.00
1Q1,No,Yes,3.8 /5,426,New BEL Road,"Cafe, Casual Dining","North Indian, South Indian","₹ 1,100.00"
Z-Bar,No,Yes,3.4 /5,212,New BEL Road,"Pub, Cafe","Cafe, American, Burger, Steak",₹ 700.00
Chapter One Bar | Maiin,No,No,3.5 /5,3912,New BEL Road,Cafe,"North Indian, Continental, Cafe",₹ 900.00
Hunan,No,No,2.8 /5,2932,New BEL Road,Cafe,"Cafe, American, Asian, European, Steak, Salad, Desserts",₹ 400.00
My Place - Gokulam Grand Hotel & Spa,No,Yes,3.5 /5,638,New BEL Road,Cafe,"Cafe, Italian, Burger, American, Steak",₹ 700.00
Satrangi,Yes,No,2.9 /5,1442,New BEL Road,Cafe,"Cafe, Mexican, Italian, Pizza",₹ 250.00
Truffles,No,No,3.2 /5,608,New BEL Road,"Casual Dining, Cafe","Cafe, North Indian, Chinese, Fast Food",₹ 400.00
Hammered,Yes,Yes,4.1 /5,48,New BEL Road,Cafe,"Pizza, Cafe, Italian",₹ 600.00
Grubbery,Yes,No,3.7 /5,4873,New BEL Road,Cafe,"Cafe, Continental",₹ 400.00
Smally's Resto Cafe,Yes,Yes,3.4/5,554,New BEL Road,"Casual Dining, Cafe","Cafe, Beverages, Fast Food",₹ 450.00
Burp,Yes,Yes,4.0/5,12,New BEL Road,Cafe,"Continental, European, Mediterranean, Cafe, Steak",₹ 150.00
Cafe Mandala,Yes,No,2.9/5,868,New BEL Road,Cafe,"Cafe, Healthy Food, South Indian",₹ 500.00
Onesta,Yes,Yes,4.1/5,239,New BEL Road,Cafe,"Cafe, Italian, Pizza, Continental",₹ 250.00
Plated,Yes,No,3.9/5,365,New BEL Road,"Cafe, Casual Dining","Cafe, Italian, Continental, Beverages",₹ 600.00
Andy's Café,No,No,3.9/5,670,New BEL Road,Cafe,"Cafe, Italian, American, Continental",₹ 150.00
Peppermill Bistro,Yes,No,3.4/5,523,New BEL Road,Cafe,"Cafe, Italian, American",₹ 600.00
Prana,Yes,No,3.8/5,126,New BEL Road,Cafe,"Cafe, Fast Food",₹ 500.00
Kargeens,Yes,No,4.2/5,58,New BEL Road,Cafe,"Cafe, Continental, American",₹ 650.00
Ember The Calabash,Yes,No,3.9/5,18,New BEL Road,Cafe,"Cafe, North Indian, Chinese, Continental",₹ 650.00
THE BEL ST.,No,No,4.0/5,168,New BEL Road,Cafe,"Cafe, Tea",₹ 300.00
Puff Cafe,Yes,No,3.5/5,67,New BEL Road,Cafe,"Cafe, Beverages, Healthy Food",₹ 400.00
Cafe Coffee Day,Yes,No,3.5/5,55,New BEL Road,"Cafe, Bakery","Cafe, Beverages",₹ 350.00
Namakh Store And Cafe,Yes,No,3.7/5,9,New BEL Road,Cafe,"Cafe, Bakery",₹ 400.00
Nomadic Tandoor,Yes,No,4.1/5,6,New BEL Road,Quick Bites,"Cafe, Pizza, Italian, Sandwich",₹ 500.00
Chaiywaala Da Dhaba,Yes,No,3.3/5,7,New BEL Road,Cafe,Cafe,₹ 700.00
Cafe Poetry,Yes,No,3.8/5,0,New BEL Road,"Beverage Shop, Quick Bites","Cafe, Healthy Food, Beverages",₹ 300.00
The Banana Kick,Yes,No,4.4/5,0,New BEL Road,Cafe,"Tea, Beverages, Fast Food",₹ 450.00
Swiss Bakery Cafe - Gokulam Grand Hotel & Spa,No,No,3,0,New BEL Road,Cafe,Cafe,₹ 400.00
Brewbakes,No,No,3.5/5,114,New BEL Road,Delivery,Cafe,₹ 800.00
Pooja Restro,No,No,4.1/5,0,New BEL Road,Quick Bites,Cafe,₹ 500.00
H&W Cafe,No,No,3.2/5,0,Sanjay Nagar,Delivery,"Fast Food, Healthy Food",₹ 600.00
Chaai Resto,Yes,No,3.8/5,336,New BEL Road,Cafe,Biryani,₹ 300.00
Cafe Centralis,Yes,No,4.0/5,187,Sahakara Nagar,Delivery,"Cafe, Italian, Burger, American, Steak",₹ 300.00
Cafe Gazala,No,No,3.5/5,1442,New BEL Road,"Beverage Shop, Dessert Parlor","North Indian, Chinese",₹ 600.00
Sugarly Spiced,No,No,3.2/5,50,New BEL Road,Quick Bites,"Desserts, Beverages, Ice Cream","₹ 1,400.00"
Leon Grill,Yes,No,3.2/5,17,Sahakara Nagar,Quick Bites,"Hyderabadi, Biryani",₹ 500.00
Behrouz Biryani,Yes,No,4.0/5,409,New BEL Road,Quick Bites,"North Indian, Chinese, Biryani",₹ 250.00
Smally's Resto Cafe,Yes,No,3.7/5,240,New BEL Road,Casual Dining,"North Indian, Chinese, Seafood",₹ 600.00
Bon Appetit Resto,Yes,No,3.4/5,29,Sanjay Nagar,Quick Bites,"Andhra, North Indian",₹ 400.00
Keventers,Yes,No,3.7/5,112,New BEL Road,Quick Bites,Kerala,₹ 500.00
Deccan House,Yes,No,3.3/5,226,New BEL Road,"Quick Bites, Sweet Shop","North Indian, Chinese, Biryani",₹ 400.00
Flavors of North,Yes,No,3.9/5,154,New BEL Road,Casual Dining,"North Indian, Chinese, Street Food, Mithai",₹ 250.00
Tasty Box,Yes,No,3.7/5,254,Yeshwantpur,"Takeaway, Delivery","Biryani, North Indian, Kebab",₹ 250.00
Rayalaseema Ruchulu,Yes,No,3.5/5,1586,New BEL Road,Quick Bites,"Italian, North Indian, Biryani",₹ 850.00
New Oottupura Restaurant,Yes,No,2.1/5,33,Sanjay Nagar,Quick Bites,"Burger, Fast Food, Beverages",₹ 800.00
Pot Biryani,Yes,No, ('Rated 4.0',557,New BEL Road,Quick Bites,"North Indian, Chinese",₹ 250.00
New Agarwal Bhavan,Yes,No,4.0/5,498,New BEL Road,Casual Dining,"North Indian, Fast Food",₹ 400.00
Paradise,Yes,No,3.5/5,108,Sahakara Nagar,Casual Dining,"Asian, Chinese",₹ 250.00
The Good Bowl,Yes,No,3.9/5,578,New BEL Road,Cafe,"Mughlai, Biryani, North Indian",₹ 300.00
Burger King,Yes,No,3.0/5,117,New BEL Road,Quick Bites,"Cafe, Continental, Steak",₹ 300.00
Delhi Mess,Yes,Yes,4.1/5,583,Sahakara Nagar,"Casual Dining, Cafe","Biryani, Chinese",₹ 350.00
Sumadhura Foods,Yes,No,3.2/5,161,New BEL Road,Quick Bites,"Pizza, Cafe, Italian",₹ 250.00
Auntie Fung's,Yes,No,3.2/5,4873,New BEL Road,Delivery,"North Indian, Chinese, Fast Food",₹ 400.00
Mughlai Azam,Yes,Yes,2.9/5,229,Yeshwantpur,Quick Bites,"North Indian, Biryani, Fast Food",₹ 450.00
Cafe Nosh,Yes,No,4.6/5,204,Sahakara Nagar,Quick Bites,"Street Food, Fast Food",₹ 500.00
